seed,interval,rows,beats_control,positive_expectancy,discovery_edge,confirmed_edge
1,1m,66,0,0,0,0
1,5m,66,0,0,0,0
1,15m,66,0,0,0,0
1,all,66,0,0,0,0
2,1m,66,0,0,0,0
2,5m,66,0,0,0,0
2,15m,66,0,0,0,0
2,all,66,0,0,0,0
3,1m,66,0,0,0,0
3,5m,66,0,0,0,0
3,15m,66,0,0,0,0
3,all,66,0,0,0,0
4,1m,66,0,0,0,0
4,5m,66,0,0,0,0
4,15m,66,0,0,0,0
4,all,66,0,0,0,0
5,1m,66,0,0,0,0
5,5m,66,0,0,0,0
5,15m,66,0,0,0,0
5,all,66,0,0,0,0
6,1m,66,0,0,0,0
6,5m,66,0,0,0,0
6,15m,66,0,0,0,0
6,all,66,0,0,0,0
7,1m,66,0,0,0,0
7,5m,66,0,0,0,0
7,15m,66,0,0,0,0
7,all,66,0,0,0,0
8,1m,66,0,0,0,0
8,5m,66,0,0,0,0
8,15m,66,0,0,0,0
8,all,66,0,0,0,0
9,1m,66,0,0,0,0
9,5m,66,0,0,0,0
9,15m,66,0,0,0,0
9,all,66,0,0,0,0
10,1m,66,0,0,0,0
10,5m,66,0,0,0,0
10,15m,66,0,0,0,0
10,all,66,0,0,0,0
