persistence,drift,replicate,trades,delta_r,paired_low,paired_high,p_delta_adjusted,mde_delta_r,expectancy_r,expectancy_r_gross,ci_low,p_expectancy_adjusted,mde_expectancy_r,beats_control,discovery_verdict,verdict,validation_verdict,other_beats_control,other_edges
1,0.0,1,47,-0.04055219268890614,-0.21486462465583794,0.1419887055523376,1.0,0.37457612464022993,0.19249699854744592,0.3366186265230954,-0.13161452741950708,1.0,0.7134570792150764,0,NOISE,NOISE,,0,0
1,0.0,2,48,-0.07481203292194402,-0.3171364305652029,0.15385255826195562,1.0,0.49236600749683457,-0.4074753955719344,-0.2684159946983469,-0.6598220889691296,0.18198180181981802,0.5709238679918649,0,NOISE,NOISE,,0,0
1,0.0,3,38,-0.057710755847411505,-0.34117656285357945,0.22470314092419283,1.0,0.5935909175230504,-0.11843807936020637,0.01957952934786289,-0.4209017573467289,1.0,0.6791781325122622,0,NOISE,NOISE,,0,0
1,0.0,4,46,-0.014623948750660087,-0.2378785129082932,0.21775168449214885,1.0,0.4738129804340122,-0.28422135304560714,-0.14919983692367883,-0.5921600830138741,1.0,0.6991554671845631,0,NOISE,NOISE,,0,0
1,0.0,5,52,0.18004610118628073,-0.024756431434120336,0.4228534822418337,1.0,0.46495350306781463,-0.039252830643605255,0.10955302687343914,-0.35976756841360785,1.0,0.708043704398638,0,NOISE,NOISE,,0,0
1,0.0,6,50,-0.1292427521440859,-0.35652030464816686,0.10307319250584085,1.0,0.4802892765795853,-0.10907227047163419,0.030127511985220557,-0.4266844872725061,1.0,0.6953708840005206,0,NOISE,NOISE,,0,0
1,0.0,7,48,0.11140789814730623,-0.16907433142550582,0.3779211589059499,1.0,0.5623805472220534,-0.06889018114144974,0.07370306653619371,-0.3728392363333283,1.0,0.674628400159386,0,NOISE,NOISE,,0,0
1,0.0,8,54,-0.1559695375084837,-0.41882405607716255,0.1020605747579698,1.0,0.5486250598528454,-0.4040416680227835,-0.26063960879964143,-0.6568139811405563,0.215978402159784,0.5800767231296964,0,NOISE,NOISE,,0,0
1,0.3,1,46,0.04068652020767133,-0.17478370354304934,0.24119648537767252,1.0,0.4336949916678328,0.2750961916136858,0.4164468966685102,-0.07854417376590916,1.0,0.7587636279951234,0,NOISE,NOISE,,0,0
1,0.3,2,47,-0.0358706127605197,-0.29165711492466445,0.2083955215619583,1.0,0.516697613473291,-0.253189293052169,-0.11272467953443636,-0.52973875530723,1.0,0.6005892684912862,0,NOISE,NOISE,,0,0
1,0.3,3,36,0.022848720793178193,-0.2794691425871989,0.31676114301797864,1.0,0.6221004613504689,-0.05913950178268152,0.08014393332130372,-0.3889167056276017,1.0,0.7358334288301605,0,NOISE,NOISE,,0,0
1,0.3,4,46,0.10917107580811496,-0.1251568313512082,0.3615098127119594,1.0,0.5113194952053002,-0.14499388270366254,-0.010166838942868706,-0.45183425976674,1.0,0.7029477977328985,0,NOISE,NOISE,,0,0
1,0.3,5,52,0.23240425616456137,0.02663971998022664,0.4760246380385532,1.0,0.4615721398253312,0.0076614503320192534,0.15822976482055806,-0.3011931240251952,1.0,0.6756473181329274,0,NOISE,NOISE,,0,0
1,0.3,6,52,-0.021186109224550193,-0.19699884390875008,0.16122320854626146,1.0,0.37331225240096283,-0.01679220015574299,0.12243039452478172,-0.34054785470105736,1.0,0.6871587242506424,0,NOISE,NOISE,,0,0
1,0.3,7,47,0.25588930434032614,-0.059767006501200766,0.5547562791659698,1.0,0.6357542178475103,0.1275309236491034,0.27099380629982595,-0.18182234387456508,1.0,0.6985410049576828,0,NOISE,NOISE,,0,0
1,0.3,8,53,-0.03593169908405226,-0.3142790587635768,0.23208404104430655,1.0,0.5661643326670296,-0.2861097474936912,-0.1431048764301806,-0.5553170315637841,1.0,0.6006510127696449,0,NOISE,NOISE,,0,0
1,0.6,1,45,0.07936283993490018,-0.1472980499788457,0.2901685443716732,1.0,0.45133814105068226,0.2609575029106495,0.4013756918149009,-0.09466081335971674,1.0,0.7746108655790164,0,NOISE,NOISE,,0,0
1,0.6,2,45,0.04148474664984139,-0.2295211271834515,0.31006668340922144,1.0,0.5595220318498362,-0.23163562584956984,-0.0913255776213169,-0.5323881665622837,1.0,0.6583655053879979,0,NOISE,NOISE,,0,0
1,0.6,3,37,0.004742634634025439,-0.24667863508657561,0.21493710814196407,1.0,0.4827729654935993,-0.0320842579441915,0.10446331455268223,-0.3350582436103691,1.0,0.6849420730013467,0,NOISE,NOISE,,0,0
1,0.6,4,46,0.241942412773959,-0.006932051479949789,0.5105173890395531,1.0,0.5379779546711303,-0.031896866620399096,0.1027751708876164,-0.34278472941220095,1.0,0.7023387413536373,0,NOISE,NOISE,,0,0
1,0.6,5,51,0.29957494332041423,0.1143794011656456,0.5322684495804288,0.37996200379962003,0.43820358285054606,0.08884043886013931,0.23819666540251505,-0.22555186400530577,1.0,0.6851001635844725,0,NOISE,NOISE,,0,0
1,0.6,6,52,0.03328762588010099,-0.15036757699795747,0.22856501134339116,1.0,0.3948686601759715,0.014384244154351904,0.15261183575913073,-0.3252607459717388,1.0,0.7385193681721052,0,NOISE,NOISE,,0,0
1,0.6,7,47,0.3349858885594219,0.053436409131490614,0.6229269076537062,0.7613238676132387,0.5872049676786256,0.11245713779700904,0.25535340033792675,-0.20543706564384606,1.0,0.7150332655889413,0,NOISE,NOISE,,0,0
1,0.6,8,54,0.037427342661305596,-0.24679241295529394,0.31178925443994315,1.0,0.5799770567522345,-0.21049242799180468,-0.06718033846351866,-0.4878415463651802,1.0,0.6096457634051323,0,NOISE,NOISE,,0,0
1,1.0,1,46,0.421758791957771,0.2045925402591845,0.6660143080962055,0.03779622037796221,0.4797775874005899,0.6651862961883629,0.8090318744037263,0.28842845652734134,0.011198880111988802,0.7927379690512406,1,EDGE,NOISE,INSUFFICIENT,0,0
1,1.0,2,45,0.24694605691252086,-0.06325738670594934,0.542353851179755,1.0,0.6344255141963568,0.003172951923884309,0.13962621713904558,-0.2722199003641166,1.0,0.5988993175782525,0,NOISE,NOISE,,0,0
1,1.0,3,37,0.15933174450602713,-0.088115130097213,0.3680866128380191,1.0,0.47500598147441453,0.16314688728981613,0.30251862916265193,-0.21866218727523273,1.0,0.8201207658239851,0,NOISE,NOISE,,0,0
1,1.0,4,46,0.335367785446846,0.08870754444043619,0.5949294316843055,0.36916308369163087,0.5372340086127989,0.05665855938550756,0.19123596855204877,-0.26285373792730843,1.0,0.7173397271539517,0,NOISE,NOISE,,0,0
1,1.0,5,52,0.33674183850675615,0.08380536562392936,0.6115338196004326,0.4481551844815518,0.5440695881362375,0.1681980423262905,0.3150504277074623,-0.17254976460081736,1.0,0.7444278971945851,0,NOISE,NOISE,,0,0
1,1.0,6,50,0.11342227962515083,-0.09840581174397355,0.35205802325120467,1.0,0.4686858179582905,0.13388309762173167,0.27242808714795325,-0.2181044426829807,1.0,0.7648148450192513,0,NOISE,NOISE,,0,0
1,1.0,7,49,0.4340013808920613,0.15585329187985228,0.7125037262888623,0.07019298070192981,0.5788456871528663,0.2711091647082767,0.4129232096188844,-0.03262033206802138,1.0,0.6740725460564246,0,NOISE,NOISE,,0,0
1,1.0,8,53,0.1587002758466392,-0.10758298880975808,0.42233741251168627,1.0,0.5532613012599902,-0.0897485749255882,0.053545458297759384,-0.3680655317647446,1.0,0.6174429350442683,0,NOISE,NOISE,,0,0
1,1.5,1,46,0.4277753497124515,0.20631455083084443,0.6877851466557157,0.07559244075592442,0.5028013700963285,0.7074705658716745,0.8481919840599516,0.3225589053246018,0.008399160083991601,0.8037149074145122,0,NOISE,NOISE,,0,0
1,1.5,2,45,0.3587842607226972,0.022228893762166635,0.6862799489141902,0.76992300769923,0.6930521157307376,0.1174604820555105,0.25607553910688724,-0.1817648150177911,1.0,0.6588493912228242,0,NOISE,NOISE,,0,0
1,1.5,3,37,0.3236350813557309,0.16036413537314637,0.5006300548705253,0.008399160083991601,0.35298130938925876,0.2964934928205474,0.4329529540607043,-0.045345658824979256,1.0,0.7666677725795861,1,NOISE,NOISE,,0,0
1,1.5,4,46,0.41559064044631344,0.16656495478398808,0.6774534342803094,0.11338866113388661,0.5302928912834557,0.13320630481605,0.2677956378593899,-0.192235902905447,1.0,0.7148915665713531,0,NOISE,NOISE,,0,0
1,1.5,5,53,0.4515682525316171,0.20203576092641432,0.7177626729645036,0.032396760323967606,0.5344974304586352,0.26017699373304604,0.40963705205080203,-0.06774468446782649,1.0,0.7326598489820151,1,NOISE,NOISE,,0,0
1,1.5,6,51,0.23834036244310755,0.024793095613416017,0.48236805622244133,1.0,0.4794478896986147,0.23944250396183062,0.37825685732210534,-0.10592540738539795,1.0,0.75374224437599,0,NOISE,NOISE,,0,0
1,1.5,7,48,0.62622461748856,0.38381088574286953,0.9008383085976376,0.008399160083991601,0.5388164963971821,0.38332442503405934,0.5258258326078193,0.06888204417616024,1.0,0.7051654068328309,1,NOISE,NOISE,,0,0
1,1.5,8,53,0.5403175534695059,0.32640057006132717,0.7580558069219437,0.008399160083991601,0.44927004912370844,0.2671978743592557,0.40916456762503883,-0.04999605311830301,1.0,0.658374259454457,1,NOISE,NOISE,,0,0
