stop_buffer_bps,pattern,interval,bias,kind,signals,trades,win_rate,expectancy_r,expectancy_r_gross,total_return_pct,profit_factor,sharpe_per_trade,max_drawdown_r,avg_bars_held,exit_mix,consistency,window_expectancy_r,stability,ci_low,ci_high,baseline_delta_r,verdict,diagnostic_signals,diagnostic_no_next_bar,diagnostic_invalid_entry,diagnostic_valid_candidates,diagnostic_nonpositive_risk,diagnostic_below_risk_floor,diagnostic_eligible_before_overlap,diagnostic_overlap_suppressed_eligible,diagnostic_accepted,diagnostic_rescued_by_buffer,diagnostic_negative_geometry,diagnostic_zero_geometry,diagnostic_buffer_majority,diagnostic_risk_ineligible_share,diagnostic_rescued_share,diagnostic_buffer_majority_share,diagnostic_negative_geometry_share,diagnostic_zero_geometry_share,diagnostic_buffer_fractions_p10,diagnostic_buffer_fractions_p50,diagnostic_buffer_fractions_p90,diagnostic_risk_bps_p10,diagnostic_risk_bps_p50,diagnostic_risk_bps_p90,diagnostic_mean_net_return_bps,diagnostic_mean_net_r,diagnostic_mean_gross_r
0,random_long,1m,bull,control,14275,3906,0.333589349718382,-0.4564509030477138,-0.009736582157230392,-1.5361933261567864,0.5201422846223073,-0.3163359896230637,1785.260066768031,3.8384536610343063,"{""session_end"": 0.00819252432155658, ""stop"": 0.6415770609318996, ""target"": 0.30568356374807987, ""timeout"": 0.0445468509984639}",0.20205479452054795,"{""0"": -0.4119965004354435, ""1"": -0.5644869574995055, ""2"": -0.4439212773094329, ""3"": -0.49353648435361663, ""4"": -0.3139818492410071, ""5"": -0.49315473833561335}",0.0,-0.49874325118970686,-0.41099813479891406,,NEGATIVE,14275,38,0,14237,1550,8153,4534,628,3906,0,0,0,0,0.6815340310458664,0.0,0.0,0.0,0.0,0.0,0.0,0.0,5.479269313450759,8.169565199191922,17.022292039012058,-3.9329066209851162,-0.4564509030477138,-0.009736582157230392
0,random_short,1m,bear,control,14275,3939,0.3193703985783194,-0.5032478834101317,-0.05314947843695114,-1.7267622901376538,0.48241784567731044,-0.3551250791819503,1981.2022245023322,3.6745366844376743,"{""session_end"": 0.00787001777100787, ""stop"": 0.6613353643056613, ""target"": 0.2944909875602945, ""timeout"": 0.036303630363036306}",0.14685314685314685,"{""0"": -0.4154586173979071, ""1"": -0.5442180036902324, ""2"": -0.5495337540882422, ""3"": -0.5225933729643576, ""4"": -0.5667693412327314, ""5"": -0.42297607270779314}",0.0,-0.5474731322315721,-0.46087685833006636,,NEGATIVE,14275,36,0,14239,1594,8068,4577,638,3939,0,0,0,0,0.6785588875623288,0.0,0.0,0.0,0.0,0.0,0.0,0.0,5.466508367285075,8.190008190009694,18.299462054542417,-4.383758035383736,-0.5032478834101317,-0.05314947843695114
0,bullish_engulfing,1m,bull,pattern,3637,2375,0.35536842105263156,-0.30349651132325234,0.025582274157212766,-0.7347137620907019,0.6323220538207431,-0.2192721407737568,721.9926621657826,6.294736842105263,"{""session_end"": 0.01136842105263158, ""stop"": 0.5949473684210527, ""target"": 0.2850526315789474, ""timeout"": 0.10863157894736843}",0.2787456445993031,"{""0"": -0.31725396164569264, ""1"": -0.31573734081902555, ""2"": -0.33007418673555744, ""3"": -0.2780797892444905, ""4"": -0.23579985351725605, ""5"": -0.3530156713087298}",0.0,-0.35885673921044364,-0.25035561702682685,0.15295439172446146,NEGATIVE,3637,18,0,3619,12,919,2688,313,2375,0,0,0,0,0.2572533849129594,0.0,0.0,0.0,0.0,0.0,0.0,0.0,5.7936078455690865,10.323842642903593,23.684461244982813,-3.093531629855587,-0.30349651132325234,0.025582274157212766
0,bearish_engulfing,1m,bear,pattern,3558,2265,0.3518763796909492,-0.31865584707925776,0.027350186698670884,-0.6482751663057247,0.6207092006392909,-0.228365803680624,731.3489261567689,6.083885209713024,"{""session_end"": 0.016777041942604858, ""stop"": 0.5960264900662252, ""target"": 0.291832229580574, ""timeout"": 0.09536423841059603}",0.28169014084507044,"{""0"": -0.24990831324339666, ""1"": -0.33502398662774713, ""2"": -0.3624436446922036, ""3"": -0.3594746869806717, ""4"": -0.3227568096815741, ""5"": -0.2793996646707384}",0.0,-0.37696683473459514,-0.2610907913223299,0.18459203633087395,NEGATIVE,3558,21,0,3537,18,1001,2518,253,2265,0,0,0,0,0.28809725756290644,0.0,0.0,0.0,0.0,0.0,0.0,0.0,5.8149099666463675,9.709411193565073,22.403543208684457,-2.8621420145948107,-0.31865584707925776,0.027350186698670884
0,bullish_harami,1m,bull,pattern,2376,1187,0.3150800336983993,-0.4760603795818627,-0.0660018148215546,-0.5354954942113169,0.5006388337450166,-0.33799278034401165,565.5124315765827,3.9553496208930077,"{""session_end"": 0.007582139848357203, ""stop"": 0.6588037068239259, ""target"": 0.2822240943555181, ""timeout"": 0.051390058972198824}",0.25120772946859904,"{""0"": -0.46213220695455975, ""1"": -0.4336398228040479, ""2"": -0.47701410411379913, ""3"": -0.45706634463171336, ""4"": -0.4663324289224676, ""5"": -0.5618967288613862}",0.0,-0.5542476872652552,-0.39649321908460805,-0.019609476534148906,NEGATIVE,2376,6,0,2370,35,1117,1218,31,1187,0,0,0,0,0.4860759493670886,0.0,0.0,0.0,0.0,0.0,0.0,0.0,5.584716118825589,8.290387631638012,17.835255508303057,-4.511335250305956,-0.4760603795818627,-0.0660018148215546
0,bearish_harami,1m,bear,pattern,2400,1124,0.33451957295373663,-0.4293238045190328,-0.002190826119950512,-0.451071614100794,0.5408542990487285,-0.30006124271008267,483.38044922920426,3.6005338078291813,"{""session_end"": 0.010676156583629894, ""stop"": 0.6476868327402135, ""target"": 0.3122775800711744, ""timeout"": 0.029359430604982206}",0.2613065326633166,"{""0"": -0.5465995479385015, ""1"": -0.48111078928876017, ""2"": -0.6796277898601951, ""3"": -0.51582792135032, ""4"": -0.18816270356568626, ""5"": -0.2250188833022339}",0.0,-0.5130063464968867,-0.3462443333453681,0.07392407889109892,NEGATIVE,2400,5,0,2395,29,1206,1160,36,1124,0,0,0,0,0.5156576200417536,0.0,0.0,0.0,0.0,0.0,0.0,0.0,5.505244790798222,8.288628466623077,16.421699795747163,-4.013092652142296,-0.4293238045190328,-0.002190826119950512
0,piercing_line,1m,bull,pattern,407,268,0.2873134328358209,-0.5493575223064916,-0.16588611717969431,-0.13774411124289432,0.4317993244507424,-0.4077140772473256,152.77140616620193,4.951492537313433,"{""session_end"": 0.022388059701492536, ""stop"": 0.6716417910447762, ""target"": 0.23507462686567165, ""timeout"": 0.0708955223880597}",0.19230769230769232,"{""0"": -0.49613118990022176, ""1"": -0.74187239996857, ""2"": -0.7076791612884101, ""3"": -0.5662759072160319, ""4"": -0.18946549284486974, ""5"": -0.5462884191545255}",0.0,-0.707374639619596,-0.37894478026238715,-0.0929066192587778,NEGATIVE,407,0,0,407,4,133,270,2,268,0,0,0,0,0.3366093366093366,0.0,0.0,0.0,0.0,0.0,0.0,0.0,5.921693492791829,9.291922400331494,20.97338912027606,-5.139705643391579,-0.5493575223064916,-0.16588611717969431
0,dark_cloud_cover,1m,bear,pattern,440,291,0.3230240549828179,-0.37506968293179677,-0.024720591083014103,-0.12830192627757633,0.5656495332100047,-0.2759797495773595,114.94866603146053,4.498281786941581,"{""session_end"": 0.01718213058419244, ""stop"": 0.6323024054982818, ""target"": 0.28865979381443296, ""timeout"": 0.061855670103092786}",0.25,"{""0"": -0.4431141105444642, ""1"": -0.5037176014451843, ""2"": -0.6456210268272882, ""3"": -0.1747733018052102, ""4"": -0.3366769814378729, ""5"": -0.15914032454723398}",0.0,-0.5321052594178253,-0.21270924805295466,0.12817820047833495,NEGATIVE,440,2,0,438,1,143,294,3,291,0,0,0,0,0.3287671232876712,0.0,0.0,0.0,0.0,0.0,0.0,0.0,5.633168093735597,9.484240273839516,20.360869197167546,-4.409000903009496,-0.37506968293179677,-0.024720591083014103
0,tweezer_bottom,1m,bull,pattern,12810,5985,0.3445279866332498,-0.3743538783042177,0.005225351158912561,-2.138816882586762,0.5735584469592561,-0.2678058840454342,2243.6085460140343,5.418045112781955,"{""session_end"": 0.011695906432748537, ""stop"": 0.6158730158730159, ""target"": 0.28888888888888886, ""timeout"": 0.0835421888053467}",0.21476510067114093,"{""0"": -0.38182998921266287, ""1"": -0.4258129998141081, ""2"": -0.38855727943771423, ""3"": -0.3574822731809455, ""4"": -0.3087765622320359, ""5"": -0.3821809355359666}",0.0,-0.4078181090336517,-0.3405332901336761,0.08209702474349612,NEGATIVE,12810,38,0,12772,172,4711,7889,1904,5985,0,0,0,0,0.38232070153460695,0.0,0.0,0.0,0.0,0.0,0.0,0.0,5.705591479650273,9.274717121127571,20.011792531545655,-3.573628876502526,-0.3743538783042177,0.005225351158912561
0,tweezer_top,1m,bear,pattern,12732,5808,0.3397038567493113,-0.39003057527267604,0.0016907508083859129,-1.9900257688634422,0.5619447058590357,-0.2784535848112413,2271.3343377460346,5.015323691460055,"{""session_end"": 0.013085399449035813, ""stop"": 0.6198347107438017, ""target"": 0.2932162534435262, ""timeout"": 0.07386363636363637}",0.19463087248322147,"{""0"": -0.3751358716202642, ""1"": -0.42052079650827234, ""2"": -0.5224434950627982, ""3"": -0.35733268688154046, ""4"": -0.3294568106495671, ""5"": -0.34563400624904483}",0.0,-0.42441228636097084,-0.35515023237846016,0.11321730813745567,NEGATIVE,12732,38,0,12694,199,5046,7449,1641,5808,0,0,0,0,0.41318733259807783,0.0,0.0,0.0,0.0,0.0,0.0,0.0,5.58971492453906,8.906083697525538,18.974223770146068,-3.426352907822731,-0.39003057527267604,0.0016907508083859129
0,bullish_kicker,1m,bull,pattern,532,348,0.33045977011494254,-0.529411924774825,-0.02549404474985604,-0.16790156796093592,0.44782837903957423,-0.3866851769324982,183.50275663060782,7.439655172413793,"{""session_end"": 0.005747126436781609, ""stop"": 0.6120689655172413, ""target"": 0.2672413793103448, ""timeout"": 0.11494252873563218}",0.15384615384615385,"{""0"": -0.4735706550285572, ""1"": -0.6154146788815275, ""2"": -0.5835050338162091, ""3"": -0.7107454233411318, ""4"": -0.12801773297120525, ""5"": -0.5104695974223796}",0.0,-0.6671413787656,-0.38567884926864626,-0.07296102172711122,NEGATIVE,532,2,0,530,6,165,359,11,348,0,0,0,0,0.32264150943396225,0.0,0.0,0.0,0.0,0.0,0.0,0.0,5.666011345944799,9.295303956148377,17.456437189649137,-4.824757700026894,-0.529411924774825,-0.02549404474985604
0,bearish_kicker,1m,bear,pattern,571,387,0.29198966408268734,-0.5813350522423679,-0.09562060471099836,-0.2255913618601007,0.3929575423338215,-0.45209549635135543,225.91762740331973,7.873385012919897,"{""stop"": 0.6098191214470284, ""target"": 0.22997416020671835, ""timeout"": 0.16020671834625322}",0.15384615384615385,"{""0"": -0.4819394996363556, ""1"": -0.5268068550330434, ""2"": -0.8518444800306887, ""3"": -0.5799398362317563, ""4"": -0.584830411222558, ""5"": -0.5244864718339131}",0.0,-0.7028194326802245,-0.44879949719466206,-0.07808716883223621,NEGATIVE,571,0,0,571,5,156,410,23,387,0,0,0,0,0.2819614711033275,0.0,0.0,0.0,0.0,0.0,0.0,0.0,5.770833028096165,9.629935341863723,20.008446034119395,-5.829234156591749,-0.5813350522423679,-0.09562060471099836
0,hammer,1m,bull,pattern,4306,1932,0.3136645962732919,-0.5010375339179584,-0.07220760785402544,-0.878195026172208,0.482851407075243,-0.35756383381289264,967.6719574940063,3.2065217391304346,"{""session_end"": 0.004658385093167702, ""stop"": 0.6728778467908902, ""target"": 0.291407867494824, ""timeout"": 0.031055900621118012}",0.1991869918699187,"{""0"": -0.4084997601562039, ""1"": -0.5850449009715947, ""2"": -0.5888026093970679, ""3"": -0.5638295375959989, ""4"": -0.42156102095866005, ""5"": -0.4564245439023167}",0.0,-0.5644298934785628,-0.44132928574655694,-0.04458663087024456,NEGATIVE,4306,17,0,4289,93,2117,2079,147,1932,0,0,0,0,0.515271625087433,0.0,0.0,0.0,0.0,0.0,0.0,0.0,5.464613789371727,8.134842650615559,16.246455486062995,-4.5455229097940375,-0.5010375339179584,-0.07220760785402544
0,hanging_man,1m,bear,pattern,4264,339,0.32448377581120946,-0.6113540994898473,-0.015817728237486527,-0.14550718445696667,0.43825227777762626,-0.4072953127631639,220.9419541037933,1.0235988200589972,"{""stop"": 0.672566371681416, ""target"": 0.3274336283185841}",0.17073170731707318,"{""0"": 0.2921242541252831, ""1"": -0.5959549439448838, ""2"": -0.5763838552903712, ""3"": -0.6944303632725136, ""4"": -0.9035338737497822, ""5"": -0.8683712982534014}",0.16666666666666666,-0.7643537518933781,-0.4410422488739928,-0.1081062160797156,NEGATIVE,4264,14,0,4250,864,3042,344,5,339,0,0,0,0,0.9190588235294118,0.0,0.0,0.0,0.0,0.0,0.0,0.0,5.286775017009904,6.679848233848127,10.953778439724616,-4.292247329114061,-0.6113540994898473,-0.015817728237486527
0,inverted_hammer,1m,bull,pattern,4127,366,0.27595628415300544,-0.7796761339657382,-0.1496356794759875,-0.22602927432668762,0.3328683471122278,-0.5364270673672326,287.4411589738353,1.1912568306010929,"{""session_end"": 0.00546448087431694, ""stop"": 0.7103825136612022, ""target"": 0.273224043715847, ""timeout"": 0.01092896174863388}",0.041666666666666664,"{""0"": -0.4310745785916665, ""1"": -0.6014937640682673, ""2"": -0.6368728387080334, ""3"": -1.218476662553328, ""4"": -1.089568771230972, ""5"": -0.9251598936208871}",0.0,-0.9257935243893202,-0.6342290245976027,-0.3232252309180244,NEGATIVE,4127,8,0,4119,813,2936,370,4,366,0,0,0,0,0.9101723719349356,0.0,0.0,0.0,0.0,0.0,0.0,0.0,5.29058183878,6.9156490595613995,12.1516390400979,-6.175663232969607,-0.7796761339657382,-0.1496356794759875
0,shooting_star,1m,bear,pattern,4020,1750,0.32571428571428573,-0.4587151765992261,-0.0314103223287669,-0.6339899394634474,0.5196365242155799,-0.32077918005525596,802.481350817446,2.9057142857142857,"{""session_end"": 0.010285714285714285, ""stop"": 0.66, ""target"": 0.30857142857142855, ""timeout"": 0.021142857142857144}",0.21367521367521367,"{""0"": -0.6139407931416779, ""1"": -0.3935854524817541, ""2"": -0.35958116564957754, ""3"": -0.5531090535359934, ""4"": -0.40746291948794533, ""5"": -0.43315081409479955}",0.0,-0.5273791573194033,-0.3930235437617634,0.0445327068109056,NEGATIVE,4020,15,0,4005,119,2015,1871,121,1750,0,0,0,0,0.5328339575530586,0.0,0.0,0.0,0.0,0.0,0.0,0.0,5.414973162395371,8.004436795963944,17.69867901960437,-3.622799654076842,-0.4587151765992261,-0.0314103223287669
0,dragonfly_doji,1m,bull,pattern,1283,566,0.3215547703180212,-0.4929733518499749,-0.05115292824431325,-0.22683491462407152,0.49334302066879404,-0.3476174546599265,277.7790221389913,3.0936395759717317,"{""session_end"": 0.0017667844522968198, ""stop"": 0.6696113074204947, ""target"": 0.3003533568904594, ""timeout"": 0.028268551236749116}",0.26373626373626374,"{""0"": -0.44117824095345026, ""1"": -0.5250525738070002, ""2"": -0.8293016191325743, ""3"": -0.5183472180455567, ""4"": -0.3516011779841853, ""5"": -0.42036215519247794}",0.0,-0.6074558219256647,-0.3760747452182314,-0.036522448802261076,NEGATIVE,1283,10,0,1273,40,653,580,14,566,0,0,0,0,0.5443833464257659,0.0,0.0,0.0,0.0,0.0,0.0,0.0,5.466828143279698,8.231100907437106,15.708903565789733,-4.007684003958861,-0.4929733518499749,-0.05115292824431325
0,gravestone_doji,1m,bear,pattern,1208,519,0.3198458574181118,-0.48475760274478386,-0.045795061947849755,-0.23915942626303627,0.4999370975077483,-0.3393144254114385,252.0310189834987,2.959537572254335,"{""session_end"": 0.007707129094412331, ""stop"": 0.6628131021194605, ""target"": 0.302504816955684, ""timeout"": 0.02697495183044316}",0.25316455696202533,"{""0"": -0.6107063157963497, ""1"": -0.6917257700335581, ""2"": -0.38052437740118705, ""3"": -0.30776595474706114, ""4"": -0.47553983092640334, ""5"": -0.4069936875531566}",0.0,-0.6090853208445658,-0.35560866319715057,0.018490280665347858,NEGATIVE,1208,10,0,1198,56,615,527,8,519,0,0,0,0,0.5601001669449082,0.0,0.0,0.0,0.0,0.0,0.0,0.0,5.347015010186589,8.097710010042547,18.730307559769567,-4.608081430887019,-0.48475760274478386,-0.045795061947849755
0,morning_star,1m,bull,pattern,149,124,0.4032258064516129,-0.10399069124919395,0.20123243930927667,0.004077246873845956,0.852069321996431,-0.07437070576847053,19.466021614818374,8.153225806451612,"{""session_end"": 0.024193548387096774, ""stop"": 0.4838709677419355, ""target"": 0.3064516129032258, ""timeout"": 0.18548387096774194}",0.6666666666666666,{},,-0.3459465521192144,0.14909962617482433,0.35246021179851983,NOISE,149,3,0,146,2,19,125,1,124,0,0,0,0,0.14383561643835616,0.0,0.0,0.0,0.0,0.0,0.0,0.0,6.566883860216382,13.39527257028433,34.20367626845991,0.3288102317617711,-0.10399069124919395,0.20123243930927667
0,evening_star,1m,bear,pattern,133,109,0.3394495412844037,-0.3248025421699571,-0.003603196198366948,-0.03957222073506968,0.6083902262224803,-0.2358771409832892,38.558090234561774,7.798165137614679,"{""session_end"": 0.009174311926605505, ""stop"": 0.5871559633027523, ""target"": 0.25688073394495414, ""timeout"": 0.14678899082568808}",0.3333333333333333,{},,-0.5709298550903843,-0.08254406554616951,0.17844534124017464,NEGATIVE,133,0,0,133,0,24,109,0,109,0,0,0,0,0.18045112781954886,0.0,0.0,0.0,0.0,0.0,0.0,0.0,6.158334360737552,10.349065237286139,27.552741766467147,-3.630478966520154,-0.3248025421699571,-0.003603196198366948
0,three_white_soldiers,1m,bull,pattern,77,68,0.5,0.05067566662544665,0.23720075300635646,0.001619450523879304,1.110862396047541,0.04522549995091174,7.10165359586071,14.485294117647058,"{""session_end"": 0.014705882352941176, ""stop"": 0.29411764705882354, ""target"": 0.17647058823529413, ""timeout"": 0.5147058823529411}",,{},,-0.2013504761734416,0.31682338642947855,0.5071265696731604,NOISE,77,0,0,77,0,2,75,7,68,0,0,0,0,0.025974025974025976,0.0,0.0,0.0,0.0,0.0,0.0,0.0,8.086725761749378,17.78885306796888,40.35748454555091,0.23815448880578002,0.05067566662544665,0.23720075300635646
0,three_black_crows,1m,bear,pattern,92,87,0.2988505747126437,-0.32619401997887054,-0.12607226609672587,-0.06290721295251722,0.5026959344946135,-0.3032698598911553,27.67127269248718,12.701149425287356,"{""session_end"": 0.022988505747126436, ""stop"": 0.42528735632183906, ""target"": 0.14942528735632185, ""timeout"": 0.40229885057471265}",0.0,{},,-0.5480162929982616,-0.09316822964821872,0.17705386343126117,NEGATIVE,92,0,0,92,0,1,91,4,87,0,0,0,0,0.010869565217391304,0.0,0.0,0.0,0.0,0.0,0.0,0.0,7.656578547352752,18.06619453678277,50.70580230829483,-7.230714132473245,-0.32619401997887054,-0.12607226609672587
2,random_long,1m,bull,control,14275,5556,0.3392728581713463,-0.4288550954483582,0.0027616312256251167,-1.960315920551529,0.5367350101854129,-0.300155791547359,2384.4160813949165,4.690064794816415,"{""session_end"": 0.010979121670266379, ""stop"": 0.6276097912167027, ""target"": 0.30093592512598993, ""timeout"": 0.06047516198704104}",0.1717171717171717,"{""0"": -0.41004447625226, ""1"": -0.5373634676315376, ""2"": -0.4524312421462477, ""3"": -0.46941952574606166, ""4"": -0.3067541997384176, ""5"": -0.3934844292720417}",0.0,-0.4672093586212646,-0.3915728256140418,,NEGATIVE,14275,38,0,14237,167,6931,7139,1583,5556,1985,0,0,0,0.49856008990658146,0.3572714182865371,0.0,0.0,0.0,0.11895027807973833,0.24468914522706775,0.36305732484075104,5.50683970536674,8.168593037276333,16.78887825551259,-3.528286394081226,-0.4288550954483582,0.0027616312256251167
2,random_short,1m,bear,control,14275,5463,0.34285191286838734,-0.4193548044410026,0.008743799632505305,-2.002198252231594,0.5431049772367768,-0.2948341094959662,2291.9740129209663,4.6231008603331505,"{""session_end"": 0.010250777960827384, ""stop"": 0.6267618524620172, ""target"": 0.30367929708951125, ""timeout"": 0.05930807248764415}",0.15100671140939598,"{""0"": -0.34091392704037304, ""1"": -0.39514516303666714, ""2"": -0.4692828627763366, ""3"": -0.4562810213832897, ""4"": -0.4628257957601694, ""5"": -0.3970857494442755}",0.0,-0.45731098023348804,-0.3837192760937549,,NEGATIVE,14275,36,0,14239,136,7072,7031,1568,5463,1841,0,0,0,0.5062153241098392,0.33699432546220026,0.0,0.0,0.0,0.11433606168356655,0.24311232213138614,0.3642899873473191,5.492048523038742,8.231775700934904,17.51943570313441,-3.6650160209254876,-0.4193548044410026,0.008743799632505305
2,bullish_engulfing,1m,bull,pattern,3637,2770,0.35812274368231045,-0.29160609791960457,0.01773416900193776,-0.812807427881825,0.6322153602863207,-0.21667834477739145,809.0964774195025,7.625631768953069,"{""session_end"": 0.01407942238267148, ""stop"": 0.572202166064982, ""target"": 0.25956678700361013, ""timeout"": 0.15415162454873646}",0.2962962962962963,"{""0"": -0.28485872556171227, ""1"": -0.31579280384621206, ""2"": -0.3210455225642523, ""3"": -0.2888697068831209, ""4"": -0.20923406758549856, ""5"": -0.3333232229804437}",0.0,-0.34071710323545856,-0.24210951011301934,0.13724899752875364,NEGATIVE,3637,18,0,3619,3,327,3289,519,2770,500,0,0,0,0.0911854103343465,0.18050541516245489,0.0,0.0,0.0,0.08442156182069555,0.18379318249479704,0.3265109270038237,6.122843378075843,10.87214241898822,23.639360624228832,-2.9343228443387184,-0.29160609791960457,0.01773416900193776
2,bearish_engulfing,1m,bear,pattern,3558,2670,0.36067415730337077,-0.27155763577238096,0.042513801650852744,-0.6884280280451487,0.655816503731962,-0.19974620297131213,733.691298430285,7.482771535580524,"{""session_end"": 0.017602996254681647, ""stop"": 0.5636704119850188, ""target"": 0.2752808988764045, ""timeout"": 0.14344569288389514}",0.30743243243243246,"{""0"": -0.2404581901166605, ""1"": -0.26710271111158074, ""2"": -0.3152936598581424, ""3"": -0.27518728193896563, ""4"": -0.305816297734915, ""5"": -0.22426201542291477}",0.0,-0.3234099049847794,-0.21895555075248335,0.14779716866862164,NEGATIVE,3558,21,0,3537,2,398,3137,467,2670,512,0,0,0,0.11309018942606729,0.19176029962546817,0.0,0.0,0.0,0.08751996722820293,0.19403864820681582,0.3309197355340957,6.046206654916099,10.315794774983534,22.899684037834,-2.5783821275099204,-0.27155763577238096,0.042513801650852744
2,bullish_harami,1m,bull,pattern,2376,1663,0.3265183403487673,-0.41489085087252403,-0.03458316009320528,-0.6747851180193566,0.5384108037622511,-0.300243960407166,690.4364839588322,5.23752254960914,"{""session_end"": 0.010222489476849068, ""stop"": 0.6386049308478653, ""target"": 0.2820204449789537, ""timeout"": 0.06915213469633193}",0.2480916030534351,"{""0"": -0.30880853515103573, ""1"": -0.4784284902918762, ""2"": -0.4521848994435144, ""3"": -0.48256262741456407, ""4"": -0.3180571210957028, ""5"": -0.4601968208960782}",0.0,-0.4851923232605587,-0.3496252490088236,0.013964244575834173,NEGATIVE,2376,6,0,2370,3,595,1772,109,1663,505,0,0,0,0.2523206751054852,0.3036680697534576,0.0,0.0,0.0,0.11431797537960282,0.22928991911215607,0.3539010666975237,5.6492342703692495,8.71672158418322,17.46801964534096,-4.057637510639546,-0.41489085087252403,-0.03458316009320528
2,bearish_harami,1m,bear,pattern,2400,1667,0.33473305338932213,-0.3917864143293648,-0.006818448981132227,-0.6085792662490319,0.564174899884798,-0.2789807789122408,659.1952808852664,4.88122375524895,"{""session_end"": 0.013197360527894421, ""stop"": 0.6376724655068986, ""target"": 0.3011397720455909, ""timeout"": 0.04799040191961608}",0.22900763358778625,"{""0"": -0.49168110556903727, ""1"": -0.37486678036050813, ""2"": -0.5237239217548953, ""3"": -0.39843341473620675, ""4"": -0.29402592422877005, ""5"": -0.2820121690314343}",0.0,-0.4590210489523352,-0.3233346052300835,0.02756839011163781,NEGATIVE,2400,5,0,2395,2,621,1772,105,1667,571,0,0,0,0.260125260960334,0.34253149370125974,0.0,0.0,0.0,0.12550920674814828,0.2456246228122756,0.35714335683898507,5.602008892941885,8.147510755993814,15.957322671421801,-3.6507454484045105,-0.3917864143293648,-0.006818448981132227
2,piercing_line,1m,bull,pattern,407,352,0.29829545454545453,-0.4780528607438541,-0.13447272447705336,-0.16085824599870038,0.4653490997443142,-0.3671505019413643,171.91044041341488,6.590909090909091,"{""session_end"": 0.022727272727272728, ""stop"": 0.6335227272727273, ""target"": 0.2215909090909091, ""timeout"": 0.12215909090909091}",0.17142857142857143,"{""0"": -0.5448885615746438, ""1"": -0.6253070274950158, ""2"": -0.6790743926073545, ""3"": -0.3859268262002521, ""4"": -0.15029676198560138, ""5"": -0.4759401479271542}",0.0,-0.6154478507137177,-0.3453887999151881,-0.04919776529549591,NEGATIVE,407,0,0,407,0,48,359,7,352,87,0,0,0,0.11793611793611794,0.2471590909090909,0.0,0.0,0.0,0.09778211140760597,0.20402629281962242,0.33474970749806204,5.972239550800131,9.795058596676554,20.416012982095232,-4.569836534053988,-0.4780528607438541,-0.13447272447705336
2,dark_cloud_cover,1m,bear,pattern,440,379,0.3562005277044855,-0.269357424125773,0.05003172253885841,-0.13031266444194117,0.6638831041226136,-0.1957329100608399,106.82284479942503,6.079155672823219,"{""session_end"": 0.023746701846965697, ""stop"": 0.5910290237467019, ""target"": 0.29815303430079154, ""timeout"": 0.0870712401055409}",0.2682926829268293,"{""0"": -0.12324076960108893, ""1"": -0.36875699219693536, ""2"": -0.29756758131559813, ""3"": -0.1621594222422797, ""4"": -0.4542769487587675, ""5"": -0.15831997541178908}",0.0,-0.40463392187092156,-0.12660445218294147,0.14999738031522958,NEGATIVE,440,2,0,438,0,54,384,5,379,90,0,0,0,0.1232876712328767,0.23746701846965698,0.0,0.0,0.0,0.09798123983050909,0.20555345529455452,0.33443041517371175,5.982723015970368,9.737355953906235,20.449761074928226,-3.4383288770960734,-0.269357424125773,0.05003172253885841
2,tweezer_bottom,1m,bull,pattern,12810,6820,0.34633431085043986,-0.34975686550928725,0.0016549549694978491,-2.356134713550769,0.5840222709332575,-0.2564210416475849,2388.5475056801715,6.558651026392962,"{""session_end"": 0.014809384164222873, ""stop"": 0.5963343108504399, ""target"": 0.2706744868035191, ""timeout"": 0.11818181818181818}",0.18666666666666668,"{""0"": -0.3426633674435083, ""1"": -0.42678491389638684, ""2"": -0.35566024623783116, ""3"": -0.3501253261747202, ""4"": -0.23904830500084184, ""5"": -0.3811023449650309}",0.0,-0.38241621863071745,-0.3187043219865534,0.07909822993907095,NEGATIVE,12810,38,0,12772,24,2258,10490,3670,6820,1565,0,0,0,0.1786720952082681,0.22947214076246333,0.0,0.0,0.0,0.09704215460175485,0.2028796388666399,0.3398883988908909,5.8819998128335715,9.85032155128221,20.571317731295768,-3.4547429817459956,-0.34975686550928725,0.0016549549694978491
2,tweezer_top,1m,bear,pattern,12732,6708,0.3558437686344663,-0.32321632969483055,0.035925223566152645,-2.009500434153522,0.6140673412481416,-0.23340809599854284,2175.8231319404813,6.285181872391175,"{""session_end"": 0.016100178890876567, ""stop"": 0.5906380441264162, ""target"": 0.29010137149672033, ""timeout"": 0.10316040548598689}",0.1806020066889632,"{""0"": -0.3397138626014008, ""1"": -0.32519932515594707, ""2"": -0.3729992289372552, ""3"": -0.2856669909888753, ""4"": -0.31558300591811084, ""5"": -0.3007137796544833}",0.0,-0.35481044838885084,-0.2886693799092463,0.09613847474617204,NEGATIVE,12732,38,0,12694,21,2541,10132,3424,6708,1656,0,0,0,0.20182763510319837,0.24686940966010734,0.0,0.0,0.0,0.10188692445489143,0.2127572669208075,0.3452069146150731,5.795825426943436,9.407346013235045,19.6642715646764,-2.995677451033873,-0.32321632969483055,0.035925223566152645
2,bullish_kicker,1m,bull,pattern,532,426,0.3544600938967136,-0.4199392704330933,0.040150013542103874,-0.174236280804288,0.511818966014469,-0.3154082166029299,177.7712734112903,9.255868544600938,"{""session_end"": 0.007042253521126761, ""stop"": 0.5446009389671361, ""target"": 0.25586854460093894, ""timeout"": 0.19248826291079812}",0.17647058823529413,"{""0"": -0.35654548071187003, ""1"": -0.42654496352389576, ""2"": -0.5663077731332676, ""3"": -0.6168277836289116, ""4"": 0.009766743401275639, ""5"": -0.5273170609691766}",0.16666666666666666,-0.5431047279370573,-0.29616958232613133,0.008915825015264889,NEGATIVE,532,2,0,530,1,69,460,34,426,88,0,0,0,0.1320754716981132,0.20657276995305165,0.0,0.0,0.0,0.1087173270728537,0.19900675538582732,0.33448848407942217,5.976958059321874,10.04182915170767,18.366224636884965,-4.09005354000676,-0.4199392704330933,0.040150013542103874
2,bearish_kicker,1m,bear,pattern,571,474,0.30168776371308015,-0.5526277963206022,-0.10263124847704314,-0.26905508135126366,0.4020637719171423,-0.4334507813508073,263.0250766309602,9.029535864978904,"{""session_end"": 0.002109704641350211, ""stop"": 0.5886075949367089, ""target"": 0.20464135021097046, ""timeout"": 0.20464135021097046}",0.21739130434782608,"{""0"": -0.7077052302668596, ""1"": -0.5222397576753381, ""2"": -0.7400948939561394, ""3"": -0.3212180416137236, ""4"": -0.5210343718412854, ""5"": -0.5102478047601167}",0.0,-0.6594045058924675,-0.4393826199280045,-0.13327299187959962,NEGATIVE,571,0,0,571,1,51,519,45,474,100,0,0,0,0.09106830122591944,0.2109704641350211,0.0,0.0,0.0,0.09948713597092591,0.19906216020664844,0.3308676306573233,6.047214318356577,10.055283698864573,20.139568947567213,-5.676267539056195,-0.5526277963206022,-0.10263124847704314
2,hammer,1m,bull,pattern,4306,2759,0.33454150054367526,-0.42102836823379797,-0.01893015484799284,-1.0631763321367562,0.5387469956836706,-0.3011978089560711,1161.7129785916648,4.548024646611091,"{""session_end"": 0.008336353751359188, ""stop"": 0.6418992388546575, ""target"": 0.2979340340703153, ""timeout"": 0.051830373323667994}",0.21232876712328766,"{""0"": -0.3834363183926773, ""1"": -0.47628855799688435, ""2"": -0.5041869459263856, ""3"": -0.4892605421687289, ""4"": -0.3337555292683142, ""5"": -0.35800257658590323}",0.0,-0.47336073396365397,-0.37227499517086393,0.007826727214560236,NEGATIVE,4306,17,0,4289,14,1125,3150,391,2759,914,0,0,0,0.2655630683142924,0.3312794490757521,0.0,0.0,0.0,0.12044177615823445,0.2392197437692321,0.35812400574046205,5.582656678345025,8.35519959318508,16.581319770048143,-3.853484349897631,-0.42102836823379797,-0.01893015484799284
2,hanging_man,1m,bear,pattern,4264,842,0.30760095011876487,-0.6352758622141313,-0.0662865154883741,-0.3588884940618463,0.4096806720658697,-0.4404727525755256,537.7061156036175,1.827790973871734,"{""session_end"": 0.0035629453681710215, ""stop"": 0.6793349168646081, ""target"": 0.3028503562945368, ""timeout"": 0.014251781472684086}",0.15384615384615385,"{""0"": -0.4975783385903139, ""1"": -0.6732283851495504, ""2"": -0.6409840769308782, ""3"": -0.547805639881297, ""4"": -0.7586877991628179, ""5"": -0.6224862618842948}",0.0,-0.7295078307154279,-0.5447255931351427,-0.21592105777312876,NEGATIVE,4264,14,0,4250,62,3323,865,23,842,508,0,0,0,0.7964705882352942,0.6033254156769596,0.0,0.0,0.0,0.19330565810787034,0.30818084416457003,0.3822675052891334,5.233629781102087,6.492612776645633,10.35495404476921,-4.262333658691761,-0.6352758622141313,-0.0662865154883741
2,inverted_hammer,1m,bull,pattern,4127,863,0.30127462340672073,-0.6915473137985092,-0.08362479487100695,-0.4408003328847827,0.3813617755909539,-0.47506102175417586,600.5282740890802,1.761297798377752,"{""session_end"": 0.002317497103128621, ""stop"": 0.6894553881807648, ""target"": 0.2989571263035921, ""timeout"": 0.009269988412514484}",0.136,"{""0"": -0.5282238232173866, ""1"": -0.6436511667346518, ""2"": -0.5610278204112361, ""3"": -0.7490427292825114, ""4"": -0.9203611031392164, ""5"": -0.7445374981887283}",0.0,-0.7906530500110867,-0.5948325093207988,-0.262692218350151,NEGATIVE,4127,8,0,4119,77,3158,884,21,863,500,0,0,0,0.7853848021364409,0.5793742757821553,0.0,0.0,0.0,0.1790017908992014,0.30563592176831117,0.3829090472565094,5.221489547920621,6.540761486639979,11.163035297685088,-5.107767472593079,-0.6915473137985092,-0.08362479487100695
2,shooting_star,1m,bear,pattern,4020,2451,0.3508771929824561,-0.35252081150957026,0.04300372836099648,-0.7025430794839431,0.6032316789616874,-0.24583227901786678,864.7646397446752,4.456140350877193,"{""session_end"": 0.010199918400652794, ""stop"": 0.6250509995920033, ""target"": 0.3219094247246022, ""timeout"": 0.042839657282741736}",0.2867132867132867,"{""0"": -0.4497666629892644, ""1"": -0.2737055904299511, ""2"": -0.257404064500521, ""3"": -0.4018873843801273, ""4"": -0.3393880351197961, ""5"": -0.3863946282092536}",0.0,-0.4091308996540193,-0.2968797435835235,0.06683399293143233,NEGATIVE,4020,15,0,4005,15,1184,2806,355,2451,797,0,0,0,0.29937578027465667,0.3251733986128111,0.0,0.0,0.0,0.12136654769767438,0.24322688058123149,0.3605156801554697,5.54957768471939,8.227895392277949,16.50290000000041,-2.8663528334718205,-0.35252081150957026,0.04300372836099648
2,dragonfly_doji,1m,bull,pattern,1283,842,0.35748218527315917,-0.3793484789471285,0.048056658463145586,-0.2604845723901556,0.580171293903329,-0.264766972351991,319.71159152769366,4.595011876484561,"{""session_end"": 0.00831353919239905, ""stop"": 0.6223277909738717, ""target"": 0.32422802850356297, ""timeout"": 0.04513064133016627}",0.304635761589404,"{""0"": -0.20225827782613565, ""1"": -0.38600519287744883, ""2"": -0.592415510048939, ""3"": -0.5391751984557398, ""4"": -0.27527997754041256, ""5"": -0.31879047619370293}",0.0,-0.4769465842857688,-0.2801405963595869,0.04950661650122973,NEGATIVE,1283,10,0,1273,7,381,885,43,842,290,0,0,0,0.30479183032207385,0.34441805225653205,0.0,0.0,0.0,0.1236692898622667,0.2349893625905773,0.3617083740106919,5.527365515485373,8.505489911804139,16.14928710661156,-3.093641002258381,-0.3793484789471285,0.048056658463145586
2,gravestone_doji,1m,bear,pattern,1208,779,0.35173299101412064,-0.35661913912662413,0.04379666677514282,-0.26557295841103745,0.5972372399916609,-0.2507804092942571,279.9210250374229,4.370988446726573,"{""session_end"": 0.008985879332477536, ""stop"": 0.6225930680359435, ""target"": 0.3170731707317073, ""timeout"": 0.051347881899871634}",0.302158273381295,"{""0"": -0.37249284859732945, ""1"": -0.48700031854459963, ""2"": -0.17758637978769787, ""3"": -0.37511378204959683, ""4"": -0.3363474963382992, ""5"": -0.3981374142152197}",0.0,-0.446411457416029,-0.255665970562457,0.06273566531437846,NEGATIVE,1208,10,0,1198,8,382,808,29,779,272,0,0,0,0.32554257095158595,0.3491655969191271,0.0,0.0,0.0,0.11272362810968392,0.24971789392810703,0.3632019626856265,5.5085132686841956,8.013853147021653,17.770503451774278,-3.409152226072368,-0.35661913912662413,0.04379666677514282
2,morning_star,1m,bull,pattern,149,137,0.38686131386861317,-0.1417245193462195,0.13120844669121734,0.00020429716773544867,0.7946909543270606,-0.10595275522662306,22.92740598365126,9.248175182481752,"{""session_end"": 0.021897810218978103, ""stop"": 0.48905109489051096, ""target"": 0.25547445255474455, ""timeout"": 0.23357664233576642}",0.5,{},,-0.3576074859597106,0.08222672687746409,0.2871305761021387,NOISE,149,3,0,146,0,8,138,1,137,13,0,0,0,0.0547945205479452,0.0948905109489051,0.0,0.0,0.0,0.05732769242174461,0.14094139435253886,0.27691888810478976,7.219180157813839,14.173017931120471,34.77410742651937,0.014912202024484993,-0.1417245193462195,0.13120844669121734
2,evening_star,1m,bear,pattern,133,123,0.36585365853658536,-0.24531238732822636,0.0432408394403583,-0.04336710725901931,0.6677999736601569,-0.18813773524283,35.42586799413035,9.707317073170731,"{""session_end"": 0.008130081300813009, ""stop"": 0.5284552845528455, ""target"": 0.24390243902439024, ""timeout"": 0.21951219512195122}",0.3333333333333333,{},,-0.4735058339711791,-0.018473046440015555,0.17404241711277624,NEGATIVE,133,0,0,133,0,9,124,1,123,15,0,0,0,0.06766917293233082,0.12195121951219512,0.0,0.0,0.0,0.07284330191975945,0.17486163064267982,0.3043259535660379,6.574924909214243,11.448419522828932,27.529483797236818,-3.5257810779690506,-0.24531238732822636,0.0432408394403583
2,three_white_soldiers,1m,bull,pattern,77,70,0.5,0.06307894950534343,0.23675402630737843,0.008589778506979015,1.1508786827412445,0.05928815212524563,5.003442818889274,15.4,"{""session_end"": 0.014285714285714285, ""stop"": 0.21428571428571427, ""target"": 0.12857142857142856, ""timeout"": 0.6428571428571429}",,{},,-0.1899975853991646,0.31509448624173353,0.49193404495370163,NOISE,77,0,0,77,0,0,77,7,70,2,0,0,0,0.0,0.02857142857142857,0.0,0.0,0.0,0.047538129301359935,0.10239778842480912,0.2075841743159624,9.628384722639504,19.498822980864492,41.91337628225242,1.2271112152827162,0.06307894950534343,0.23675402630737843
2,three_black_crows,1m,bear,pattern,92,88,0.3068181818181818,-0.2817422859179028,-0.10824688377694223,-0.0625831918770635,0.525301023446522,-0.27875258667995717,24.10271472487568,13.465909090909092,"{""session_end"": 0.022727272727272728, ""stop"": 0.38636363636363635, ""target"": 0.11363636363636363, ""timeout"": 0.4772727272727273}",0.0,{},,-0.4817155486380275,-0.060950104078963036,0.1376125185230998,NEGATIVE,92,0,0,92,0,0,92,4,88,1,0,0,0,0.0,0.011363636363636364,0.0,0.0,0.0,0.03819886127312373,0.09993341138850843,0.2107755471891214,9.496777967886407,20.049462956064186,52.625796986731324,-7.1117263496663075,-0.2817422859179028,-0.10824688377694223
5,random_long,1m,bull,control,14275,7618,0.34982935153583616,-0.3621816314728378,0.012892774530016702,-2.57432657015689,0.5786755269697884,-0.26175852703699326,2760.830483665313,6.007613546862694,"{""session_end"": 0.013258072985035443, ""stop"": 0.6009451299553689, ""target"": 0.28183250196902077, ""timeout"": 0.10396429509057495}",0.17333333333333334,"{""0"": -0.3037647363096125, ""1"": -0.4446068117472586, ""2"": -0.39028724015820243, ""3"": -0.3419036812501481, ""4"": -0.3012574093013525, ""5"": -0.38876715695166797}",0.0,-0.39240924919699044,-0.33050286692283576,,NEGATIVE,14275,38,0,14237,28,1407,12802,5184,7618,4580,0,66,4579,0.100793706539299,0.6012076660540825,0.6010763980047257,0.0,0.008663691257547913,0.28746416246017126,0.5628319742605743,0.8531409438186012,5.860191952200142,8.880197218471592,17.371942648854166,-3.3792682727184165,-0.3621816314728378,0.012892774530016702
5,random_short,1m,bear,control,14275,7603,0.34289096409312114,-0.3789366142425004,-0.0026404444349246293,-2.6374456907481783,0.5634392582295595,-0.2751712552052183,2884.504272546963,5.96159410758911,"{""session_end"": 0.012889648822833092, ""stop"": 0.6059450217019597, ""target"": 0.28015257135341315, ""timeout"": 0.10101275812179403}",0.12666666666666668,"{""0"": -0.3720715660369661, ""1"": -0.36514493963998046, ""2"": -0.3742367936211645, ""3"": -0.3627060816704725, ""4"": -0.4274195795098071, ""5"": -0.3694602732723121}",0.0,-0.4105840771326748,-0.34858613375927194,,NEGATIVE,14275,36,0,14239,20,1476,12743,5140,7603,4536,0,54,4538,0.10506355783411757,0.596606602656846,0.5968696567144548,0.0,0.007102459555438642,0.28284286950273513,0.5655365623455628,0.8587391052465856,5.822969104782795,8.844558692972342,17.700108184797838,-3.468953953371272,-0.3789366142425004,-0.0026404444349246293
5,bullish_engulfing,1m,bull,pattern,3637,2822,0.3674698795180723,-0.2484571241733826,-0.0026941749000560307,-0.8936730347383729,0.6498951224769677,-0.19900155015797744,703.942820005585,9.863217576187102,"{""session_end"": 0.016654854712969524, ""stop"": 0.5255138199858257, ""target"": 0.203756201275691, ""timeout"": 0.2540751240255138}",0.2833333333333333,"{""0"": -0.2300758323421052, ""1"": -0.2666178385431727, ""2"": -0.2501741530661039, ""3"": -0.2262202207000319, ""4"": -0.1794859351803357, ""5"": -0.33138940902018604}",0.0,-0.2929734201074687,-0.20449234462273755,0.11372450729945519,NEGATIVE,3637,18,0,3619,0,11,3608,786,2822,682,0,0,682,0.00303951367781155,0.24167257264351524,0.24167257264351524,0.0,0.0,0.19086612489548402,0.37385419040108037,0.5996816414434117,8.33497541493554,13.363009292866682,26.14096259888065,-3.1668073520140783,-0.2484571241733826,-0.0026941749000560307
5,bearish_engulfing,1m,bear,pattern,3558,2766,0.3759942154736081,-0.21459477470096514,0.03414059903689182,-0.7169481899789133,0.6914906573562044,-0.17012864445479242,608.8048811539718,9.892263195950832,"{""session_end"": 0.024222704266088215, ""stop"": 0.5090383224873464, ""target"": 0.22089660159074476, ""timeout"": 0.24584237165582068}",0.3210702341137124,"{""0"": -0.22227612987911244, ""1"": -0.2229060584114807, ""2"": -0.23047472207049652, ""3"": -0.2101530723631699, ""4"": -0.2522464352748895, ""5"": -0.14999427783224417}",0.0,-0.26133400463764833,-0.17048961470301413,0.16434183954153528,NEGATIVE,3558,21,0,3537,0,18,3519,753,2766,733,0,0,733,0.005089058524173028,0.2650036153289949,0.2650036153289949,0.0,0.0,0.19865857933884667,0.3951489873199657,0.6261528227431787,7.987657055752544,12.66315219371904,25.21968178965094,-2.5920035790994693,-0.21459477470096514,0.03414059903689182
5,bullish_harami,1m,bull,pattern,2376,2034,0.34267453294001965,-0.3436387471209528,-0.04016475225315761,-0.8229404214390401,0.5746701986219968,-0.26310498996261744,697.8141354922832,7.678466076696165,"{""session_end"": 0.010816125860373648, ""stop"": 0.5948869223205506, ""target"": 0.2345132743362832, ""timeout"": 0.1597836774827925}",0.273972602739726,"{""0"": -0.25851548206626845, ""1"": -0.3365753156272988, ""2"": -0.32701719678824753, ""3"": -0.4390299838684412, ""4"": -0.29762962941348137, ""5"": -0.4016292839770251}",0.0,-0.4027300702571801,-0.28630864490253527,0.018542884351884947,NEGATIVE,2376,6,0,2370,0,33,2337,303,2034,919,0,2,919,0.013924050632911392,0.45181907571288105,0.45181907571288105,0.0,0.0009832841691248771,0.2606182337235246,0.47394595650408056,0.7190373283825435,6.952384966612728,10.543874800200205,19.157989075784908,-4.045921442669814,-0.3436387471209528,-0.04016475225315761
5,bearish_harami,1m,bear,pattern,2400,2088,0.3529693486590038,-0.3031624727467258,0.00503115974424217,-0.6930467739790305,0.6233100307960944,-0.22601510234282238,634.7497727739496,7.3548850574712645,"{""session_end"": 0.016283524904214558, ""stop"": 0.5890804597701149, ""target"": 0.2600574712643678, ""timeout"": 0.13457854406130268}",0.2920962199312715,"{""0"": -0.3337597828968363, ""1"": -0.30452053560503656, ""2"": -0.353492681839734, ""3"": -0.2859428189617319, ""4"": -0.25450128666045907, ""5"": -0.2865814912602128}",0.0,-0.35983952320522966,-0.2455311833426541,0.0757741414957746,NEGATIVE,2400,5,0,2395,0,28,2367,279,2088,1024,0,1,1024,0.011691022964509395,0.4904214559386973,0.4904214559386973,0.0,0.0004789272030651341,0.2773791793998556,0.4955874901002534,0.7260911783716121,6.887486635170177,10.094173003186421,18.049378056074186,-3.3191895305509123,-0.3031624727467258,0.00503115974424217
5,piercing_line,1m,bull,pattern,407,387,0.3462532299741602,-0.34234905454405157,-0.06895239153944696,-0.17286234779403906,0.5427553908029121,-0.28426973220207064,137.89789476681665,8.950904392764858,"{""session_end"": 0.023255813953488372, ""stop"": 0.5633074935400517, ""target"": 0.18604651162790697, ""timeout"": 0.22739018087855298}",0.2608695652173913,"{""0"": -0.31558542568125375, ""1"": -0.37480017309799823, ""2"": -0.4568577719921198, ""3"": -0.31887291899052617, ""4"": -0.3116892319295214, ""5"": -0.2822842452553664}",0.0,-0.4588359308082476,-0.2273532256803849,0.019832576928786205,NEGATIVE,407,0,0,407,0,4,403,16,387,127,0,0,127,0.009828009828009828,0.3281653746770026,0.3281653746770026,0.0,0.0,0.2182059266905989,0.405948996478177,0.6299636099847467,7.934733556937777,12.307812826403307,22.873180388582664,-4.466727333179304,-0.34234905454405157,-0.06895239153944696
5,dark_cloud_cover,1m,bear,pattern,440,431,0.3642691415313225,-0.22329269957080858,0.033463398753464865,-0.12511476117048329,0.6930490674546987,-0.1709715983917264,98.59452481613498,8.737819025522041,"{""session_end"": 0.025522041763341066, ""stop"": 0.5406032482598608, ""target"": 0.2459396751740139, ""timeout"": 0.18793503480278423}",0.37735849056603776,"{""0"": -0.038638020352480935, ""1"": -0.23100094251561615, ""2"": -0.2907500630824034, ""3"": -0.1140891913478174, ""4"": -0.38109588962061414, ""5"": -0.28853289100194657}",0.0,-0.3456822356608465,-0.09433488780830793,0.15564391467169184,NEGATIVE,440,2,0,438,0,0,438,7,431,143,0,1,143,0.0,0.33178654292343385,0.33178654292343385,0.0,0.002320185614849188,0.21615285019421043,0.4140052739525764,0.6433560198532524,7.773901390877569,12.085694050990275,23.173797398553493,-2.9028946907304705,-0.22329269957080858,0.033463398753464865
5,tweezer_bottom,1m,bull,pattern,12810,6539,0.3599938828567059,-0.28454986538599364,0.001226092776274182,-2.262294450600838,0.6238930919615121,-0.22030659661351182,1863.1323827725348,8.612173115155223,"{""session_end"": 0.017739715552836825, ""stop"": 0.5517663251261661, ""target"": 0.2293928735280624, ""timeout"": 0.2011010857929347}",0.21333333333333335,"{""0"": -0.288691279260946, ""1"": -0.32711662440513417, ""2"": -0.2777895828422292, ""3"": -0.2843061906437532, ""4"": -0.1827808435066221, ""5"": -0.3407537887494777}",0.0,-0.3155399822562104,-0.25459881620682356,0.07763176608684413,NEGATIVE,12810,38,0,12772,3,159,12610,6071,6539,2105,0,5,2104,0.012683996241778892,0.32191466585104755,0.3217617372686955,0.0,0.000764642911760208,0.2145062399828498,0.4106458785394763,0.6694147974858843,7.4673667061721805,12.167209908735241,23.266745344786795,-3.4596948319327687,-0.28454986538599364,0.001226092776274182
5,tweezer_top,1m,bear,pattern,12732,6528,0.3684129901960784,-0.2537695035096064,0.03721501944066875,-1.891832755181883,0.6614116351260376,-0.1938267826450872,1664.3409203353435,8.385723039215685,"{""session_end"": 0.020986519607843136, ""stop"": 0.5445772058823529, ""target"": 0.24862132352941177, ""timeout"": 0.18581495098039216}",0.24333333333333335,"{""0"": -0.25903058039176136, ""1"": -0.23994413496586445, ""2"": -0.3000913388379597, ""3"": -0.25661925010382247, ""4"": -0.2588999288417655, ""5"": -0.2076809215655386}",0.0,-0.28537371134255773,-0.2210446593084765,0.125167110732894,NEGATIVE,12732,38,0,12694,3,187,12504,5976,6528,2316,0,4,2319,0.014967701276193478,0.3547794117647059,0.3552389705882353,0.0,0.0006127450980392157,0.2240485932280515,0.4290883704727907,0.691216394360238,7.23524097608749,11.660368687358073,22.355300682453368,-2.8980281176193063,-0.2537695035096064,0.03721501944066875
5,bullish_kicker,1m,bull,pattern,532,466,0.3497854077253219,-0.3676277114932364,-0.00671941369552562,-0.21020439379815906,0.5194230884545911,-0.30014197150890953,171.5621457331282,11.568669527896995,"{""session_end"": 0.008583690987124463, ""stop"": 0.49141630901287553, ""target"": 0.18669527896995708, ""timeout"": 0.3133047210300429}",0.1891891891891892,"{""0"": -0.18414017420442197, ""1"": -0.3527295432326893, ""2"": -0.42122008132887584, ""3"": -0.5519272757972442, ""4"": -0.2116243105634551, ""5"": -0.5185926139027481}",0.0,-0.4780058698896487,-0.2591731157488308,-0.005446080020398647,NEGATIVE,532,2,0,530,0,5,525,59,466,139,0,1,139,0.009433962264150943,0.2982832618025751,0.2982832618025751,0.0,0.002145922746781116,0.23694877694284436,0.41205513654973935,0.6331788487690103,7.894381617098908,12.125667252866112,21.067798623224295,-4.510823901248049,-0.3676277114932364,-0.00671941369552562
5,bearish_kicker,1m,bear,pattern,571,495,0.3373737373737374,-0.37258517011712267,-0.019932327657906743,-0.24952444962759343,0.501704861445123,-0.3154210507927668,187.38079540025518,11.674747474747475,"{""session_end"": 0.012121212121212121, ""stop"": 0.47878787878787876, ""target"": 0.17373737373737375, ""timeout"": 0.33535353535353535}",0.20270270270270271,"{""0"": -0.48831194936390576, ""1"": -0.4464491069469257, ""2"": -0.4522362719577626, ""3"": -0.2545158496498771, ""4"": -0.24693552637487484, ""5"": -0.2855061271672326}",0.0,-0.47800431100123475,-0.2656654283915309,0.006351444125377748,NEGATIVE,571,0,0,571,1,3,567,72,495,134,0,1,134,0.0070052539404553416,0.27070707070707073,0.27070707070707073,0.0,0.00202020202020202,0.2202628547166464,0.39468885491163114,0.6014926990231999,8.315430350566597,12.677928407178063,22.740544219940716,-5.040897972274615,-0.37258517011712267,-0.019932327657906743
5,hammer,1m,bull,pattern,4306,3249,0.3462603878116344,-0.3427145765592439,-0.016098950210822055,-1.228736426139954,0.5851871352423499,-0.2561292409046462,1113.1125435147374,7.132348414896891,"{""session_end"": 0.01138811942136042, ""stop"": 0.6014158202523854, ""target"": 0.2610033856571253, ""timeout"": 0.12619267466912895}",0.25,"{""0"": -0.35300612688620464, ""1"": -0.3934416648121007, ""2"": -0.3318026123747701, ""3"": -0.4169962473841594, ""4"": -0.22748201328600087, ""5"": -0.3348733828961566}",0.0,-0.38546688062905665,-0.2974073320142318,0.01946705491359385,NEGATIVE,4306,17,0,4289,4,82,4203,954,3249,1538,0,6,1537,0.020051294007927257,0.47337642351492765,0.47306863650353953,0.0,0.0018467220683287165,0.27248079271780223,0.4889405488280243,0.7100608872135772,7.040212288223155,10.220850532537654,18.325473333845988,-3.781891123853352,-0.3427145765592439,-0.016098950210822055
5,hanging_man,1m,bear,pattern,4264,2927,0.34130509053638536,-0.4371244748131222,0.016406577296663193,-0.9165663509284785,0.5320141949877607,-0.30743342402708385,1279.853198216267,3.977109668602665,"{""session_end"": 0.008541168431841476, ""stop"": 0.6327297574308165, ""target"": 0.31363170481721897, ""timeout"": 0.045097369320122996}",0.1939799331103679,"{""0"": -0.49881777091765855, ""1"": -0.46861546530271364, ""2"": -0.4630896476235268, ""3"": -0.2929925459078473, ""4"": -0.48203512640664675, ""5"": -0.38996824259118573}",0.0,-0.48927319167113964,-0.38671228221745185,-0.05818786057062181,NEGATIVE,4264,14,0,4250,3,800,3447,520,2927,2611,0,56,2611,0.18894117647058822,0.8920396310215237,0.8920396310215237,0.0,0.019132217287324907,0.4922912335649962,0.7398610858198229,0.9271763348513078,5.392929239717542,6.759213672809159,10.16183078333028,-3.1314190328953826,-0.4371244748131222,0.016406577296663193
5,inverted_hammer,1m,bull,pattern,4127,2857,0.3416170808540427,-0.44114157173175583,0.02272706487379721,-0.9672088368925847,0.5322839137175719,-0.3068996553253075,1259.1123384257655,3.9019950997549877,"{""session_end"": 0.005250262513125656, ""stop"": 0.6359817990899544, ""target"": 0.3185159257962898, ""timeout"": 0.04025201260063003}",0.20608108108108109,"{""0"": -0.33791890617357373, ""1"": -0.5110664721517886, ""2"": -0.3487842093285249, ""3"": -0.4479612314791813, ""4"": -0.35126932370487074, ""5"": -0.6341594737683917}",0.0,-0.4969375433973395,-0.38937146156882896,-0.07895994025891806,NEGATIVE,4127,8,0,4119,10,750,3359,502,2857,2514,0,43,2514,0.18451080359310512,0.8799439971998599,0.8799439971998599,0.0,0.015050752537626881,0.47438934256363435,0.7357604227833345,0.9204638541877128,5.431809152480417,6.794470266711782,10.534031980454454,-3.3854001991340037,-0.44114157173175583,0.02272706487379721
5,shooting_star,1m,bear,pattern,4020,3021,0.35054617676266137,-0.3111644800525728,0.018973333738809182,-0.9078578842688663,0.6190889188184948,-0.22882698663663326,941.3996600640484,7.112545514730222,"{""session_end"": 0.014233697451175108, ""stop"": 0.5888778550148958, ""target"": 0.27739159218801723, ""timeout"": 0.11949685534591195}",0.2895622895622896,"{""0"": -0.40598268934577525, ""1"": -0.250998454747751, ""2"": -0.2698743689678826, ""3"": -0.27757205966756343, ""4"": -0.31616978994968853, ""5"": -0.34378694466882864}",0.0,-0.35734709415090654,-0.2630284954067521,0.06777213418992761,NEGATIVE,4020,15,0,4005,2,114,3889,868,3021,1478,0,2,1479,0.028963795255930087,0.48924197285667,0.48957298907646474,0.0,0.0006620324395895399,0.27715819909128386,0.4969186265878208,0.7393582726314158,6.763813500346401,10.067105596354113,18.06379406827089,-3.0051568496155787,-0.3111644800525728,0.018973333738809182
5,dragonfly_doji,1m,bull,pattern,1283,1128,0.36524822695035464,-0.306121512782222,0.05222800320523764,-0.3587484298454836,0.6247470809954937,-0.2241003836781566,345.67018832833185,7.263297872340425,"{""session_end"": 0.01152482269503546, ""stop"": 0.575354609929078, ""target"": 0.2845744680851064, ""timeout"": 0.12854609929078015}",0.3767441860465116,"{""0"": -0.3852674009737056, ""1"": -0.3128346975209704, ""2"": -0.30154921266981666, ""3"": -0.4103151709041983, ""4"": -0.12484426401401176, ""5"": -0.3229632996913065}",0.0,-0.38374336508697715,-0.22610421913117817,0.05606011869061578,NEGATIVE,1283,10,0,1273,1,35,1237,109,1128,594,0,4,594,0.028279654359780047,0.526595744680851,0.526595744680851,0.0,0.0035460992907801418,0.28487684738727886,0.5150337577777585,0.7418410456435325,6.738836890836211,9.703547481250027,17.529486708477855,-3.1803938816088975,-0.306121512782222,0.05222800320523764
5,gravestone_doji,1m,bear,pattern,1208,1039,0.35129932627526467,-0.3162495333435934,0.01584103422773198,-0.35224045878058075,0.6133857779364685,-0.23361491628516584,329.1761613873247,7.286814244465832,"{""session_end"": 0.009624639076034648, ""stop"": 0.5909528392685275, ""target"": 0.2743022136669875, ""timeout"": 0.12512030798845045}",0.32338308457711445,"{""0"": -0.31458645349095293, ""1"": -0.4451158881679178, ""2"": -0.18949443007653458, ""3"": -0.2068355475673313, ""4"": -0.42842210275608905, ""5"": -0.34305211637328986}",0.0,-0.3999584683390594,-0.23075202505301826,0.06268708089890701,NEGATIVE,1208,10,0,1198,1,54,1143,104,1039,546,0,1,546,0.045909849749582635,0.5255052935514918,0.5255052935514918,0.0,0.0009624639076034649,0.2797790456144815,0.5126111855733696,0.7599843598278664,6.5801472826066485,9.758620689653679,17.894291973270562,-3.39018728373995,-0.3162495333435934,0.01584103422773198
5,morning_star,1m,bull,pattern,149,143,0.38461538461538464,-0.10983911497053327,0.10471616136410444,-0.003106548815496955,0.8172958400431188,-0.09084854839133139,21.30850525816144,11.524475524475525,"{""session_end"": 0.02097902097902098, ""stop"": 0.42657342657342656, ""target"": 0.18181818181818182, ""timeout"": 0.3706293706293706}",0.25,{},,-0.3002671325625959,0.08484714727651481,0.2523425165023045,NOISE,149,3,0,146,0,2,144,1,143,19,0,0,19,0.0136986301369863,0.13286713286713286,0.13286713286713286,0.0,0.0,0.13292278905254426,0.29912109785671065,0.5339235291371276,9.360553954625878,16.69607751357433,37.49450840413098,-0.21724117590887781,-0.10983911497053327,0.10471616136410444
5,evening_star,1m,bear,pattern,133,131,0.3511450381679389,-0.2740761191945171,-0.04295720957963741,-0.05748150747773467,0.6034753180201017,-0.229965316522267,38.25263528632821,12.183206106870228,"{""session_end"": 0.022900763358778626, ""stop"": 0.48854961832061067, ""target"": 0.16030534351145037, ""timeout"": 0.3282442748091603}",0.5,{},,-0.46993381044284094,-0.07059264965025736,0.10486049504798334,NEGATIVE,133,0,0,133,0,0,133,2,131,23,0,0,23,0.0,0.17557251908396945,0.17557251908396945,0.0,0.0,0.16737979045724316,0.3592481845365115,0.5667244367417976,8.826003824091316,13.930377863731476,29.94666851364529,-4.387901334178219,-0.2740761191945171,-0.04295720957963741
5,three_white_soldiers,1m,bull,pattern,77,70,0.5142857142857142,0.13221356541335183,0.27607264910518214,0.016691176447332076,1.397295006389715,0.13613275938483418,4.5306531407215935,16.62857142857143,"{""session_end"": 0.014285714285714285, ""stop"": 0.15714285714285714, ""target"": 0.11428571428571428, ""timeout"": 0.7142857142857143}",,{},,-0.08405327911980894,0.3502459003410004,0.4943951968861896,NOISE,77,0,0,77,0,0,77,7,70,2,0,0,2,0.0,0.02857142857142857,0.02857142857142857,0.0,0.0,0.110933304828835,0.22190809522977878,0.39572895358954,12.626095749428519,22.493572283830574,44.901399874086046,2.3844537781902977,0.13221356541335183,0.27607264910518214
5,three_black_crows,1m,bear,pattern,92,88,0.3181818181818182,-0.25608924575786535,-0.11402436984713109,-0.06442407038570189,0.5215577407800415,-0.27572750134059826,22.428933198209375,14.738636363636363,"{""session_end"": 0.022727272727272728, ""stop"": 0.3409090909090909, ""target"": 0.056818181818181816, ""timeout"": 0.5795454545454546}",0.0,{},,-0.4424414051428726,-0.06004296811242608,0.12284736848463507,NEGATIVE,92,0,0,92,0,0,92,4,88,1,0,0,1,0.0,0.011363636363636364,0.011363636363636364,0.0,0.0,0.09032158605184244,0.2172653917616026,0.40035283149532347,12.499026551559078,23.054876712199466,55.640981688886505,-7.320917089284307,-0.25608924575786535,-0.11402436984713109
10,random_long,1m,bull,control,14275,6485,0.3702390131071704,-0.25028434605137995,0.004451279011336506,-2.21045913542721,0.6464969989664867,-0.20059517684151137,1625.2890219516266,9.459676175790285,"{""session_end"": 0.02143407864302236, ""stop"": 0.5165767154973014, ""target"": 0.20678488820354665, ""timeout"": 0.25520431765612955}",0.24666666666666667,"{""0"": -0.23820780050167592, ""1"": -0.3213176662305262, ""2"": -0.20633562503966615, ""3"": -0.25274587144220173, ""4"": -0.1873975091303351, ""5"": -0.28655252538164927}",0.0,-0.28100214641808663,-0.2215850650417819,,NEGATIVE,14275,38,0,14237,4,24,14209,7724,6485,4070,377,287,5532,0.001966706469059493,0.6276021588280648,0.8530454895913647,0.058134155744024675,0.04425597532767926,0.44910948176174315,0.7392729439808995,0.9999999999999343,10.000000000000657,13.5220347519522,22.239007075141462,-3.408572298268636,-0.25028434605137995,0.004451279011336506
10,random_short,1m,bear,control,14275,6447,0.36497595780983405,-0.2469024810655887,0.007670890534576642,-2.222184212855699,0.6505573811929797,-0.19793984630111244,1602.5017570069135,9.447650069799908,"{""session_end"": 0.020939972080037228, ""stop"": 0.512486427795874, ""target"": 0.21188149526911743, ""timeout"": 0.2546921048549713}",0.21666666666666667,"{""0"": -0.23282374506734574, ""1"": -0.2155938657735797, ""2"": -0.28905947869145554, ""3"": -0.22395442368734206, ""4"": -0.305156312875556, ""5"": -0.21528533601945193}",0.0,-0.27810870217838063,-0.2161608230860938,,NEGATIVE,14275,36,0,14239,2,18,14219,7772,6447,4057,383,306,5515,0.0014045930191726947,0.6292849387311928,0.8554366371955948,0.059407476345587094,0.04746393671475105,0.44656388352673954,0.748310081979075,1.0000000000000542,9.999999999999458,13.367940398941256,22.420999462762047,-3.4468500276961356,-0.2469024810655887,0.007670890534576642
10,bullish_engulfing,1m,bull,pattern,3637,2606,0.39600920951650037,-0.1680972768370031,0.00452308102302092,-0.7831397606980387,0.7029402094952631,-0.15473775199467424,441.18624736400625,13.001151189562547,"{""session_end"": 0.02417498081350729, ""stop"": 0.40713737528779737, ""target"": 0.12432847275518036, ""timeout"": 0.444359171143515}",0.33666666666666667,"{""0"": -0.14003578185881438, ""1"": -0.20571468814637692, ""2"": -0.15410422777694113, ""3"": -0.15008627678583344, ""4"": -0.10015095136307021, ""5"": -0.24886270134876645}",0.0,-0.20966961384439992,-0.12979609549560525,0.08218706921437685,NEGATIVE,3637,18,0,3619,0,0,3619,1013,2606,631,5,3,1516,0.0,0.24213353798925558,0.5817344589409056,0.001918649270913277,0.0011511895625479663,0.3153959290072147,0.5422120407357833,0.7516435843950933,13.299784354234278,18.42741109188927,31.637518577695264,-3.00514106177298,-0.1680972768370031,0.00452308102302092
10,bearish_engulfing,1m,bear,pattern,3558,2585,0.4011605415860735,-0.15380907558793452,0.02100684790893553,-0.6602001609648649,0.7231177193667345,-0.14170045077391633,411.3184805305326,13.087814313346229,"{""session_end"": 0.03288201160541586, ""stop"": 0.39729206963249514, ""target"": 0.13152804642166344, ""timeout"": 0.43829787234042555}",0.3110367892976589,"{""0"": -0.1419624746906996, ""1"": -0.1265343327732829, ""2"": -0.17243157054673922, ""3"": -0.17602892777028822, ""4"": -0.20531301309335434, ""5"": -0.09926196245067952}",0.0,-0.19594875946259252,-0.1110424519865911,0.09309340547765418,NEGATIVE,3558,21,0,3537,0,0,3537,952,2585,677,7,5,1627,0.0,0.2618955512572534,0.6294003868471953,0.0027079303675048355,0.0019342359767891683,0.32781460494166587,0.5626503389459879,0.7740271819789527,12.923215808856712,17.786853364449613,30.567726503605222,-2.553965806440483,-0.15380907558793452,0.02100684790893553
10,bullish_harami,1m,bull,pattern,2376,1918,0.3800834202294056,-0.24391857733449857,-0.03604750380155252,-0.7905658059881422,0.6238370886428202,-0.2129541848542833,471.6082930289486,11.25912408759124,"{""session_end"": 0.018769551616266946, ""stop"": 0.48331595411887385, ""target"": 0.14911366006256518, ""timeout"": 0.3488008342022941}",0.31141868512110726,"{""0"": -0.20203316851108388, ""1"": -0.2980581819296776, ""2"": -0.24368589977214772, ""3"": -0.30043417136895684, ""4"": -0.1718283803371361, ""5"": -0.2537188601538861}",0.0,-0.2913365394657157,-0.1897425143157529,0.0063657687168813815,NEGATIVE,2376,6,0,2370,0,0,2370,452,1918,860,19,15,1510,0.0,0.4483837330552659,0.7872784150156413,0.009906152241918665,0.007820646506777894,0.40958265549497014,0.6419182255503625,0.8454223921546151,11.826244634940297,15.569623299971546,24.379958996588407,-4.121823805986143,-0.24391857733449857,-0.03604750380155252
10,bearish_harami,1m,bear,pattern,2400,1950,0.3748717948717949,-0.22312863445378556,-0.017533322590428745,-0.7145643149439574,0.6558039762950847,-0.19150201942100242,437.18668595522587,11.124615384615385,"{""session_end"": 0.02717948717948718, ""stop"": 0.4841025641025641, ""target"": 0.1635897435897436, ""timeout"": 0.3251282051282051}",0.3356401384083045,"{""0"": -0.2585848098994473, ""1"": -0.21428345867225532, ""2"": -0.2883237797050856, ""3"": -0.21072340614964122, ""4"": -0.17745239342865943, ""5"": -0.18536592895654302}",0.0,-0.2742827993724671,-0.16920772166517373,0.02377384661180315,NEGATIVE,2400,5,0,2395,0,0,2395,445,1950,956,12,11,1587,0.0,0.49025641025641026,0.8138461538461539,0.006153846153846154,0.0056410256410256415,0.4325156366556503,0.6625774832351616,0.849447323970225,11.77444757484923,15.100264807079999,23.150926733561214,-3.664432384327987,-0.22312863445378556,-0.017533322590428745
10,piercing_line,1m,bull,pattern,407,382,0.38219895287958117,-0.24014605285665147,-0.05011740797469644,-0.16471479197406455,0.5997730154057641,-0.2251303214775977,96.989093668285,12.06282722513089,"{""session_end"": 0.031413612565445025, ""stop"": 0.4397905759162304, ""target"": 0.12041884816753927, ""timeout"": 0.4083769633507853}",0.36363636363636365,"{""0"": -0.2299684059062905, ""1"": -0.2944017759283695, ""2"": -0.341467835330985, ""3"": -0.18236287459999662, ""4"": -0.09445483581439623, ""5"": -0.2814893962662557}",0.0,-0.3429490707526931,-0.1292086094126479,0.010138293194728476,NEGATIVE,407,0,0,407,0,0,407,25,382,126,0,2,265,0.0,0.3298429319371728,0.693717277486911,0.0,0.005235602094240838,0.3579534742959694,0.5799342103191417,0.7777973099561734,12.853148441781446,17.23088743809813,27.88657897994095,-4.311905549059281,-0.24014605285665147,-0.05011740797469644
10,dark_cloud_cover,1m,bear,pattern,440,422,0.4028436018957346,-0.14606321177951134,0.03051251690060224,-0.11734080021346452,0.7479988944965121,-0.1288379317193828,64.98575967205485,12.21563981042654,"{""session_end"": 0.03317535545023697, ""stop"": 0.4265402843601896, ""target"": 0.14928909952606634, ""timeout"": 0.3909952606635071}",0.4,"{""0"": -0.09197833263489485, ""1"": -0.14892355734095866, ""2"": -0.26587113843166243, ""3"": -0.039949570496274, ""4"": -0.21246351756570042, ""5"": -0.1378871910685931}",0.0,-0.25441628479127437,-0.03897782788056823,0.10083926928607737,NEGATIVE,440,2,0,438,0,0,438,16,422,139,0,1,285,0.0,0.3293838862559242,0.6753554502369669,0.0,0.002369668246445498,0.3540307525638581,0.5845997728405432,0.782942092676654,12.775878818770229,17.117914394681698,28.29781832562827,-2.7805876827835196,-0.14606321177951134,0.03051251690060224
10,tweezer_bottom,1m,bull,pattern,12810,5463,0.38568552077613033,-0.19968128111768535,-0.0015261535026005562,-1.9036562200556648,0.6733298768776879,-0.175981942458509,1090.5263709791573,11.827750320336811,"{""session_end"": 0.026176093721398497, ""stop"": 0.44572579168954785, ""target"": 0.14790408200622368, ""timeout"": 0.38019403258282997}",0.24666666666666667,"{""0"": -0.1741013499701244, ""1"": -0.272748949458311, ""2"": -0.18696370090037942, ""3"": -0.1790243349445, ""4"": -0.11370281567516774, ""5"": -0.2603826231781979}",0.0,-0.22955228576197448,-0.1684746338163046,0.0506030649336946,NEGATIVE,12810,38,0,12772,1,2,12769,7306,5463,1778,48,30,3636,0.0002348888192922017,0.32546220025626943,0.6655683690280065,0.008786381109280615,0.0054914881933003845,0.35022133773916525,0.5811476554241939,0.8102950181306985,12.33829559987382,17.19493792441017,28.500494327489847,-3.484635218846174,-0.19968128111768535,-0.0015261535026005562
10,tweezer_top,1m,bear,pattern,12732,5425,0.3902304147465438,-0.17410919867814242,0.02400490585131373,-1.5594751889049974,0.710261536961425,-0.15244080145218153,956.442404241766,11.750046082949309,"{""session_end"": 0.03170506912442397, ""stop"": 0.4359447004608295, ""target"": 0.1616589861751152, ""timeout"": 0.37069124423963135}",0.26,"{""0"": -0.15334062788784883, ""1"": -0.15978957029373417, ""2"": -0.2294939442161122, ""3"": -0.20035097481012537, ""4"": -0.1692395269513827, ""5"": -0.13516171223835693}",0.0,-0.20503941991526348,-0.14327874444285787,0.07279328238744628,NEGATIVE,12732,38,0,12694,0,3,12691,7266,5425,1936,50,41,3783,0.00023633212541358123,0.3568663594470046,0.6973271889400922,0.009216589861751152,0.007557603686635945,0.3596764052179222,0.5993768083685816,0.8245503074908765,12.130403959041415,16.695154577883244,27.852354378634168,-2.8746086431428526,-0.17410919867814242,0.02400490585131373
10,bullish_kicker,1m,bull,pattern,532,458,0.35807860262008734,-0.2504575884799242,-4.8131978905110316e-05,-0.1978689382895513,0.5531574288616816,-0.2525079942291372,116.37828845959882,14.90174672489083,"{""session_end"": 0.010917030567685589, ""stop"": 0.3296943231441048, ""target"": 0.08951965065502183, ""timeout"": 0.5698689956331878}",0.20833333333333334,"{""0"": -0.0922169358731601, ""1"": -0.2636789134763702, ""2"": -0.2848209667103288, ""3"": -0.3134481929700443, ""4"": -0.16207037100435281, ""5"": -0.4071839230784641}",0.0,-0.33615784776004287,-0.1604598622958469,-0.00017324242854427352,NEGATIVE,532,2,0,530,0,0,530,72,458,139,4,1,317,0.0,0.3034934497816594,0.6921397379912664,0.008733624454148471,0.002183406113537118,0.3834064686197163,0.585208171888861,0.7816339244883345,12.790141645054065,17.075882020679515,26.04017994142251,-4.32028249540505,-0.2504575884799242,-4.8131978905110316e-05
10,bearish_kicker,1m,bear,pattern,571,482,0.35684647302904565,-0.2715438054991732,-0.025682704118901067,-0.2486707391264697,0.5356511260798531,-0.2714139033781465,138.17825176747084,14.616182572614107,"{""session_end"": 0.016597510373443983, ""stop"": 0.34647302904564314, ""target"": 0.09336099585062241, ""timeout"": 0.5435684647302904}",0.25675675675675674,"{""0"": -0.2989065759138834, ""1"": -0.4040881954945926, ""2"": -0.27731919117221127, ""3"": -0.26162845764499204, ""4"": -0.1146333543061561, ""5"": -0.18942779793442213}",0.0,-0.362846267107322,-0.18437146083864006,-0.024641324433584466,NEGATIVE,571,0,0,571,0,1,570,88,482,132,2,1,309,0.0017513134851138354,0.27385892116182575,0.6410788381742739,0.004149377593360996,0.002074688796680498,0.3558593806172326,0.5658403023501677,0.7525346580338321,13.292795839578885,17.686402628234337,28.151981829580176,-5.159143965279453,-0.2715438054991732,-0.025682704118901067
10,hammer,1m,bull,pattern,4306,2989,0.3636667781866845,-0.2508379741626488,-0.031118168940944976,-1.2364221623012133,0.6262708368532308,-0.21343319957270868,754.0163728916089,10.93074606891937,"{""session_end"": 0.02040816326530612, ""stop"": 0.4964871194379391, ""target"": 0.16962194713951154, ""timeout"": 0.31348277015724324}",0.2966666666666667,"{""0"": -0.22269863732311537, ""1"": -0.31044051754730456, ""2"": -0.19044476029014304, ""3"": -0.30764513993153203, ""4"": -0.16025232941908074, ""5"": -0.30546922079061994}",0.0,-0.2937032569261745,-0.21131667306620708,-0.0005536281112688557,NEGATIVE,4306,17,0,4289,0,4,4285,1296,2989,1419,36,25,2404,0.0009326183259501049,0.4747407159585146,0.804282368685179,0.012044161927065908,0.008364001338240215,0.4216497556799465,0.6569359264041409,0.8422087043396719,11.871317371394023,15.214239531270575,23.68388138779194,-4.136574648046883,-0.2508379741626488,-0.031118168940944976
10,hanging_man,1m,bear,pattern,4264,3055,0.34828150572831423,-0.3038835186439159,-0.014069916979403786,-1.0769169688864038,0.6060104815912168,-0.23512421484742857,930.3736121256488,8.086415711947627,"{""session_end"": 0.016039279869067103, ""stop"": 0.5587561374795418, ""target"": 0.23404255319148937, ""timeout"": 0.1911620294599018}",0.2633333333333333,"{""0"": -0.35456949504320434, ""1"": -0.29939738853116815, ""2"": -0.3099154826097927, ""3"": -0.2213270334848279, ""4"": -0.389447715258348, ""5"": -0.22823347970026833}",0.0,-0.3482602801580968,-0.2581081125467958,-0.056981037578327176,NEGATIVE,4264,14,0,4250,0,3,4247,1192,3055,2774,338,265,3016,0.0007058823529411765,0.9080196399345336,0.9872340425531915,0.11063829787234042,0.0867430441898527,0.6748364870416087,0.8818046737809786,1.0219904940906133,9.784616285435757,11.341900147460542,14.82555167586656,-3.5250964611666245,-0.3038835186439159,-0.014069916979403786
10,inverted_hammer,1m,bull,pattern,4127,3024,0.35284391534391535,-0.28762252987950143,0.004963560788038812,-1.0480903755706537,0.6286823079817695,-0.21896506949571598,870.5638256821509,7.880291005291006,"{""session_end"": 0.012896825396825396, ""stop"": 0.5638227513227513, ""target"": 0.24404761904761904, ""timeout"": 0.17923280423280424}",0.3010033444816054,"{""0"": -0.23305735102560263, ""1"": -0.34740890865980323, ""2"": -0.25304116893663325, ""3"": -0.28391737730001493, ""4"": -0.19876005086645926, ""5"": -0.3982657219396062}",0.0,-0.33521005425796946,-0.24044553583045578,-0.037338183828121485,NEGATIVE,4127,8,0,4119,2,8,4109,1085,3024,2700,332,258,2957,0.0024277737314882253,0.8928571428571429,0.9778439153439153,0.10978835978835978,0.08531746031746032,0.6577992999570508,0.8789313619288539,1.0170850179165813,9.832185422385493,11.375885739056988,15.194303193257985,-3.4659073266225313,-0.28762252987950143,0.004963560788038812
10,shooting_star,1m,bear,pattern,4020,2784,0.3714080459770115,-0.22194431319877855,-0.0007401924825961721,-0.9272635785190841,0.6626781678950249,-0.18655148595449095,619.2101969031949,11.110632183908047,"{""session_end"": 0.02514367816091954, ""stop"": 0.47772988505747127, ""target"": 0.17923850574712644, ""timeout"": 0.31788793103448276}",0.27946127946127947,"{""0"": -0.31551842733841484, ""1"": -0.19549809672937224, ""2"": -0.18228844932973298, ""3"": -0.18610711857455894, ""4"": -0.20163319220837544, ""5"": -0.24884891768857742}",0.0,-0.2658564627528239,-0.17766454282749733,0.024958167866810155,NEGATIVE,4020,15,0,4005,0,2,4003,1219,2784,1380,47,32,2280,0.0004993757802746567,0.4956896551724138,0.8189655172413793,0.016882183908045977,0.011494252873563218,0.4294284336758372,0.6655315918548947,0.8673130366346014,11.53162668916057,15.033137931824921,23.317755454286164,-3.3306881412323426,-0.22194431319877855,-0.0007401924825961721
10,dragonfly_doji,1m,bull,pattern,1283,1113,0.3665768194070081,-0.24882915333304192,-0.008338069460860676,-0.4369116638317844,0.6264491088831933,-0.21160946181633206,283.4314427006271,11.382749326145552,"{""session_end"": 0.017070979335130278, ""stop"": 0.48247978436657685, ""target"": 0.1734052111410602, ""timeout"": 0.3270440251572327}",0.32558139534883723,"{""0"": -0.15272933327722232, ""1"": -0.2964663668948476, ""2"": -0.2796232043749056, ""3"": -0.33844183996387606, ""4"": -0.12427249560502003, ""5"": -0.29397620181686673}",0.0,-0.3176490902610291,-0.18243684734394713,0.001455192718338022,NEGATIVE,1283,10,0,1273,0,1,1272,159,1113,597,20,16,932,0.0007855459544383347,0.5363881401617251,0.8373764600179695,0.017969451931716084,0.014375561545372867,0.44411188163163795,0.6854356715948836,0.8786078837478062,11.380070101648371,14.582568807338546,22.48870892568412,-3.9255315708156733,-0.24882915333304192,-0.008338069460860676
10,gravestone_doji,1m,bear,pattern,1208,1040,0.37596153846153846,-0.2258547232494955,-0.0002820416977691958,-0.3790553149516396,0.6574713357840082,-0.19087602392075373,236.79062938396757,11.28173076923077,"{""session_end"": 0.019230769230769232, ""stop"": 0.48365384615384616, ""target"": 0.1701923076923077, ""timeout"": 0.3269230769230769}",0.33495145631067963,"{""0"": -0.27614710925421854, ""1"": -0.30570236372839565, ""2"": -0.04672006809764944, ""3"": -0.15032508891834084, ""4"": -0.2875126911277352, ""5"": -0.3024191686375941}",0.0,-0.2983173276648149,-0.15292464047930313,0.02104775781609322,NEGATIVE,1208,10,0,1198,0,1,1197,157,1040,568,24,23,872,0.0008347245409015025,0.5461538461538461,0.8384615384615385,0.023076923076923078,0.022115384615384617,0.43997318165625715,0.6922786949247821,0.8955205428162105,11.167993201213237,14.451473404008565,22.757626997357786,-3.644762643765765,-0.2258547232494955,-0.0002820416977691958
10,morning_star,1m,bull,pattern,149,145,0.4482758620689655,-0.025705533224317848,0.13782374597261843,0.009746293793364728,0.9456155863399694,-0.024018744127520336,11.866077950321458,13.703448275862069,"{""session_end"": 0.020689655172413793, ""stop"": 0.32413793103448274, ""target"": 0.1310344827586207, ""timeout"": 0.5241379310344828}",0.25,{},,-0.190758389484195,0.14359043739358002,0.2245788128270621,NOISE,149,3,0,146,0,0,146,1,145,21,2,0,59,0.0,0.14482758620689656,0.4068965517241379,0.013793103448275862,0.0,0.23518547672697696,0.4640501319261263,0.7036367254744442,14.206160781485323,21.52453633862787,42.38309307145307,0.6721581926458431,-0.025705533224317848,0.13782374597261843
10,evening_star,1m,bear,pattern,133,131,0.3816793893129771,-0.18780573553966448,-0.02094624043754563,-0.0546809230721385,0.6505367719833739,-0.18502191556773645,27.55825506323879,14.442748091603054,"{""session_end"": 0.03816793893129771, ""stop"": 0.3435114503816794, ""target"": 0.08396946564885496, ""timeout"": 0.5343511450381679}",0.5,{},,-0.3523537545113654,-0.00719497915909486,0.05909674552592423,NEGATIVE,133,0,0,133,0,0,133,2,131,23,0,0,73,0.0,0.17557251908396945,0.5572519083969466,0.0,0.0,0.2867615009708033,0.5285983658076923,0.7234513274336086,13.82791586998126,18.93484082118331,34.95913561435024,-4.174116265048741,-0.18780573553966448,-0.02094624043754563
10,three_white_soldiers,1m,bull,pattern,77,70,0.5142857142857142,0.07808250093404893,0.19156662740099567,0.01236880661187939,1.2745262115430696,0.09776253856041468,4.218988419989858,17.571428571428573,"{""session_end"": 0.014285714285714285, ""stop"": 0.12857142857142856, ""target"": 0.02857142857142857, ""timeout"": 0.8285714285714286}",,{},,-0.09016911783490963,0.263309709235228,0.3283668469854289,NOISE,77,0,0,77,0,0,77,7,70,2,0,0,12,0.0,0.02857142857142857,0.17142857142857143,0.0,0.0,0.19970833509285818,0.3632129036855431,0.5670493679673493,17.622280794077653,27.484821122108954,49.881439193809676,1.7669723731256268,0.07808250093404893,0.19156662740099567
10,three_black_crows,1m,bear,pattern,92,88,0.3409090909090909,-0.19001341825280146,-0.07909760587811063,-0.060113533751109706,0.55634558921122,-0.23977886259757208,18.90834535583027,16.511363636363637,"{""session_end"": 0.022727272727272728, ""stop"": 0.20454545454545456, ""target"": 0.03409090909090909, ""timeout"": 0.7386363636363636}",0.0,{},,-0.33654871954495863,-0.016351059649178226,0.056889062812787244,NEGATIVE,92,0,0,92,0,0,92,4,88,1,0,0,22,0.0,0.011363636363636364,0.25,0.0,0.0,0.165678121937253,0.3569728812191275,0.5717821220365626,17.502774191014332,28.063899639091606,60.66628952581205,-6.831083380807922,-0.19001341825280146,-0.07909760587811063
20,random_long,1m,bull,control,14275,5125,0.41404878048780486,-0.12912534831018466,0.013629014619146111,-1.6146558339717676,0.730886370023106,-0.13178110030258205,665.2702511798595,14.047024390243902,"{""session_end"": 0.034926829268292686, ""stop"": 0.3182439024390244, ""target"": 0.09365853658536585, ""timeout"": 0.5531707317073171}",0.33,"{""0"": -0.1358780935071673, ""1"": -0.19217884688034442, ""2"": -0.08522830730218707, ""3"": -0.10768721719718342, ""4"": -0.07572587467099584, ""5"": -0.17018527590058086}",0.0,-0.15559167931877058,-0.10254126712032481,,NEGATIVE,14275,38,0,14237,1,1,14235,9110,5125,3268,287,228,4951,0.0001404790335042495,0.6376585365853659,0.9660487804878048,0.056,0.04448780487804878,0.6199501448058797,0.8526160648489767,0.99999999999995,20.000000000001,23.449110074303235,32.22115353354937,-3.1505479687254,-0.12912534831018466,0.013629014619146111
20,random_short,1m,bear,control,14275,5126,0.3999219664455716,-0.14387255138089947,-0.0017675475660356562,-1.8411179739299688,0.7041042586049704,-0.14755863387040524,742.1086394336105,14.102809207959423,"{""session_end"": 0.034334763948497854, ""stop"": 0.3222785797893094, ""target"": 0.09598127194693719, ""timeout"": 0.5474053843152555}",0.27666666666666667,"{""0"": -0.129521010826153, ""1"": -0.13618727047618032, ""2"": -0.19938541088656153, ""3"": -0.10909966426118473, ""4"": -0.17539135452501659, ""5"": -0.1153164896009633}",0.0,-0.16938495791780725,-0.11845226924769311,,NEGATIVE,14275,36,0,14239,0,0,14239,9113,5126,3295,307,251,4910,0.0,0.6428014046039797,0.9578618806086617,0.05989075302380024,0.04896605540382364,0.6175712259493298,0.8600885157784027,0.9999999999999736,20.000000000000526,23.26098838564483,32.425089070740626,-3.591724490694438,-0.14387255138089947,-0.0017675475660356562
20,bullish_engulfing,1m,bull,pattern,3637,2425,0.4268041237113402,-0.10440598434498666,0.005309673826820743,-0.7105186460150035,0.7386570003766976,-0.12383082772764459,260.86723610574813,15.957938144329898,"{""session_end"": 0.036701030927835054, ""stop"": 0.24123711340206186, ""target"": 0.04865979381443299, ""timeout"": 0.6734020618556701}",0.38,"{""0"": -0.09634005964074216, ""1"": -0.1483475012786114, ""2"": -0.09118374929068804, ""3"": -0.09136308337155744, ""4"": -0.0550457576767703, ""5"": -0.14018703505452168}",0.0,-0.1389008925574968,-0.07233369473706548,0.024719363965198,NEGATIVE,3637,18,0,3619,0,0,3619,1194,2425,599,4,3,2137,0.0,0.24701030927835052,0.8812371134020619,0.0016494845360824743,0.0012371134020618556,0.47784293434049546,0.7037276449040909,0.8601723396748308,23.243609772040053,28.396175908222787,41.763490883026634,-2.9299737980000145,-0.10440598434498666,0.005309673826820743
20,bearish_engulfing,1m,bear,pattern,3558,2403,0.42613399916770706,-0.09874192475068236,0.01234798966352973,-0.6098376063060968,0.7477636941383021,-0.11778702284749883,243.65319124134044,16.113607990012483,"{""session_end"": 0.04244694132334582, ""stop"": 0.22513524760715772, ""target"": 0.04744069912609238, ""timeout"": 0.684977111943404}",0.3612040133779264,"{""0"": -0.07428576758404536, ""1"": -0.07449371513961148, ""2"": -0.12375029512604024, ""3"": -0.10038473091151807, ""4"": -0.1322774219494833, ""5"": -0.08457458085646308}",0.0,-0.1323396301052448,-0.06470877063690075,0.04513062663021711,NEGATIVE,3558,21,0,3537,0,0,3537,1134,2403,645,7,5,2145,0.0,0.26841448189762795,0.8926342072409488,0.002913025384935497,0.0020807324178110697,0.49084783264652176,0.7223341796980249,0.8735252237717778,22.902364592192114,27.70931851747601,40.83053481742017,-2.5378177540828,-0.09874192475068236,0.01234798966352973
20,bullish_harami,1m,bull,pattern,2376,1762,0.41486946651532347,-0.15718141031574953,-0.033320887544390415,-0.7718810517584674,0.6544575238819833,-0.17604580447432974,281.25618144383304,15.003972758229285,"{""session_end"": 0.03348467650397276, ""stop"": 0.2973893303064699, ""target"": 0.05902383654937571, ""timeout"": 0.6101021566401816}",0.3055555555555556,"{""0"": -0.15068627510372562, ""1"": -0.19719046747282584, ""2"": -0.11129967460954084, ""3"": -0.16940658582484341, ""4"": -0.09684734851904798, ""5"": -0.2188177186225702}",0.0,-0.1959409360145933,-0.113563461517253,-0.028056062005564875,NEGATIVE,2376,6,0,2370,0,0,2370,608,1762,800,19,13,1678,0.0,0.4540295119182747,0.9523269012485811,0.010783200908059024,0.0073779795686719635,0.5756874656402989,0.7826192782297114,0.917051560520207,21.805079960971053,25.541021936919698,34.68995303723992,-4.380709714860768,-0.15718141031574953,-0.033320887544390415
20,bearish_harami,1m,bear,pattern,2400,1780,0.41853932584269665,-0.1306978942072333,-0.007646535720365639,-0.6331279856680304,0.6992882647836106,-0.14818625146790063,233.04923858786282,15.21685393258427,"{""session_end"": 0.043820224719101124, ""stop"": 0.27640449438202247, ""target"": 0.05786516853932584, ""timeout"": 0.6219101123595505}",0.375,"{""0"": -0.15967654137421106, ""1"": -0.07320122392795406, ""2"": -0.20581677954706198, ""3"": -0.07861267417806854, ""4"": -0.15371553049485745, ""5"": -0.10662529602505352}",0.0,-0.17133648532268309,-0.09117965655624882,0.013174657173666171,NEGATIVE,2400,5,0,2395,0,0,2395,615,1780,879,11,8,1710,0.0,0.49382022471910114,0.9606741573033708,0.006179775280898876,0.0044943820224719105,0.5998919879064876,0.7980001504848947,0.9185958490993086,21.776220249749787,25.075347102358517,33.38386710616675,-3.5568987958878107,-0.1306978942072333,-0.007646535720365639
20,piercing_line,1m,bull,pattern,407,372,0.4220430107526882,-0.13801366296422632,-0.01923181969471126,-0.13961124546026857,0.6727255279725821,-0.16078487719330503,54.1682684602826,15.443548387096774,"{""session_end"": 0.03763440860215054, ""stop"": 0.2661290322580645, ""target"": 0.051075268817204304, ""timeout"": 0.6451612903225806}",0.36585365853658536,"{""0"": -0.1185300940293051, ""1"": -0.11727283818784061, ""2"": -0.2788266283186098, ""3"": -0.04678920039132802, ""4"": -0.06995731926250658, ""5"": -0.1826426608248331}",0.0,-0.22681064725939196,-0.047617831829799256,-0.008888314654041662,NEGATIVE,407,0,0,407,0,0,407,35,372,124,0,1,343,0.0,0.3333333333333333,0.9220430107526881,0.0,0.002688172043010753,0.526951324544514,0.7351357229691067,0.8750123538840312,22.850292437335412,27.186277270979375,37.88614877176477,-3.7529904693620586,-0.13801366296422632,-0.01923181969471126
20,dark_cloud_cover,1m,bear,pattern,440,414,0.41545893719806765,-0.12156294189552322,-0.011111286368127447,-0.1455500263276182,0.7033127883071091,-0.14372217640648163,53.1079395957981,15.599033816425122,"{""session_end"": 0.04589371980676329, ""stop"": 0.24879227053140096, ""target"": 0.04830917874396135, ""timeout"": 0.6570048309178744}",0.3333333333333333,"{""0"": -0.047368488025891047, ""1"": -0.009783001226782736, ""2"": -0.188386235426995, ""3"": -0.04605534283300603, ""4"": -0.2938100711643873, ""5"": -0.11545610070032476}",0.0,-0.20334232012231748,-0.0419861864463273,0.022309609485376247,NEGATIVE,440,2,0,438,0,0,438,24,414,136,0,1,381,0.0,0.3285024154589372,0.9202898550724637,0.0,0.0024154589371980675,0.522378105487304,0.7385534063452472,0.8780369470876853,22.7844144793637,27.099150864499336,38.356592978392165,-3.515701119024594,-0.12156294189552322,-0.011111286368127447
20,tweezer_bottom,1m,bull,pattern,12810,4576,0.4237325174825175,-0.11694073164679564,0.0051950297696495866,-1.4740109285300367,0.7252490356603614,-0.13172560933786098,537.5355654006805,15.225743006993007,"{""session_end"": 0.037805944055944056, ""stop"": 0.27250874125874125, ""target"": 0.06162587412587413, ""timeout"": 0.6280594405594405}",0.33,"{""0"": -0.09653004670367976, ""1"": -0.18396308751766158, ""2"": -0.09977406316339422, ""3"": -0.10970629123108011, ""4"": -0.035758909972434014, ""5"": -0.1679411953025408}",0.0,-0.14146633824106553,-0.09004470918227941,0.01218461666338902,NEGATIVE,12810,38,0,12772,0,0,12772,8196,4576,1581,47,26,4180,0.0,0.3454982517482518,0.9134615384615384,0.01027097902097902,0.005681818181818182,0.5182392440317285,0.7412053877922123,0.8993769174035718,22.232642821283264,26.964245068905825,38.52060359984109,-3.2211777284310243,-0.11694073164679564,0.0051950297696495866
20,tweezer_top,1m,bear,pattern,12732,4513,0.4216707290050964,-0.10959013552794096,0.01191494984268381,-1.316666224775627,0.7392793690820224,-0.12425264780609452,502.9876021771971,15.398404608907601,"{""session_end"": 0.04298692665632617, ""stop"": 0.2603589629957899, ""target"": 0.061599822734323066, ""timeout"": 0.6350542876135609}",0.31666666666666665,"{""0"": -0.08663416038892514, ""1"": -0.06138544641307753, ""2"": -0.159266360656827, ""3"": -0.12723917167939325, ""4"": -0.13700479055943704, ""5"": -0.08732180199010692}",0.0,-0.13484425942144715,-0.08355598557857627,0.034282415852958506,NEGATIVE,12732,38,0,12694,0,0,12694,8181,4513,1668,37,34,4178,0.0,0.3695989364059384,0.925769997784179,0.008198537558165301,0.007533791269665411,0.5277863077292398,0.7546098296291266,0.9056982702386087,22.08700898965584,26.521011528448664,37.9620547799015,-2.917496620375863,-0.10959013552794096,0.01191494984268381
20,bullish_kicker,1m,bull,pattern,532,454,0.3722466960352423,-0.1642181668546479,-0.00862908405621268,-0.2090770561304829,0.5515831159219294,-0.231920332645156,74.4637137127664,17.54185022026432,"{""session_end"": 0.015418502202643172, ""stop"": 0.14977973568281938, ""target"": 0.024229074889867842, ""timeout"": 0.8105726872246696}",0.2638888888888889,"{""0"": -0.06274295545151795, ""1"": -0.20424889880560207, ""2"": -0.15737660411715182, ""3"": -0.21132281759787205, ""4"": -0.1184705385651516, ""5"": -0.23293417614426193}",0.0,-0.22881651007050532,-0.09560757339596232,-0.03509281854446325,NEGATIVE,532,2,0,530,0,0,530,76,454,136,3,1,429,0.0,0.29955947136563876,0.9449339207048458,0.006607929515418502,0.0022026431718061676,0.5536894847593377,0.7375199807480097,0.8771410466013307,22.794966251223368,27.09862085563696,36.06324603157989,-4.605221500671429,-0.1642181668546479,-0.00862908405621268
20,bearish_kicker,1m,bear,pattern,571,472,0.375,-0.16883095576532126,-0.012224563825851855,-0.2394644899769154,0.570291079643158,-0.22435164812768577,86.42945634879719,17.088983050847457,"{""session_end"": 0.0211864406779661, ""stop"": 0.17584745762711865, ""target"": 0.03389830508474576, ""timeout"": 0.7690677966101694}",0.28378378378378377,"{""0"": -0.16751623298514381, ""1"": -0.26634547404973835, ""2"": -0.15752352106974762, ""3"": -0.14544765350577948, ""4"": -0.12196300252407005, ""5"": -0.1144023012870313}",0.0,-0.23689767323560346,-0.100310300316034,-0.02495840438442179,NEGATIVE,571,0,0,571,0,0,571,99,472,131,3,1,436,0.0,0.2775423728813559,0.923728813559322,0.006355932203389831,0.00211864406779661,0.5300122106342421,0.7252265653957839,0.85955236207587,23.2755314838054,27.598516015561337,37.80205381390769,-5.0734002113753265,-0.16883095576532126,-0.012224563825851855
20,hammer,1m,bull,pattern,4306,2654,0.4076865109269028,-0.14580208793852023,-0.015027466546073957,-1.0558716234293903,0.681958313043471,-0.15912439827233862,390.74852888189804,14.842501883948756,"{""session_end"": 0.03579502637528259, ""stop"": 0.300301431801055, ""target"": 0.06895252449133384, ""timeout"": 0.5949510173323286}",0.35,"{""0"": -0.13403144455272314, ""1"": -0.21479255702802116, ""2"": -0.11713171276778876, ""3"": -0.14999848590382944, ""4"": -0.07826106381538561, ""5"": -0.17323667612301924}",0.0,-0.1783140850628552,-0.11103879082987961,-0.016676739628335574,NEGATIVE,4306,17,0,4289,0,0,4289,1635,2654,1269,30,21,2557,0.0,0.4781461944235117,0.9634513941220799,0.011303692539562924,0.007912584777694047,0.5899744755566527,0.794481331425571,0.9144855754544753,21.866129884298044,25.160639107730567,33.85272374365447,-3.978416064164998,-0.14580208793852023,-0.015027466546073957
20,hanging_man,1m,bear,pattern,4264,2660,0.39586466165413536,-0.16761710279119912,-0.013764090917604114,-0.9805458829915367,0.6753331594438668,-0.16722518415844262,451.49297614356794,13.487593984962405,"{""session_end"": 0.03684210526315789, ""stop"": 0.3526315789473684, ""target"": 0.1, ""timeout"": 0.5105263157894737}",0.3233333333333333,"{""0"": -0.2314211932005931, ""1"": -0.09054502348089459, ""2"": -0.19938408271711783, ""3"": -0.10656510899684261, ""4"": -0.2509750443985119, ""5"": -0.1139530110505229}",0.0,-0.20323537249469978,-0.12704705092177837,-0.023744551410299658,NEGATIVE,4264,14,0,4250,0,0,4250,1590,2660,2414,309,227,2657,0.0,0.9075187969924812,0.9988721804511278,0.11616541353383458,0.08533834586466166,0.8054988796190263,0.937924736011045,1.0130109652286732,19.742616856977705,21.3264956734996,24.841330222121833,-3.686262718013296,-0.16761710279119912,-0.013764090917604114
20,inverted_hammer,1m,bull,pattern,4127,2610,0.40153256704980844,-0.1350177203963521,0.01992962884256911,-0.7870383067759008,0.7397620030083377,-0.12959775318242941,353.0548681400507,13.234865900383141,"{""session_end"": 0.028352490421455937, ""stop"": 0.35593869731800765, ""target"": 0.11532567049808429, ""timeout"": 0.5003831417624521}",0.3926174496644295,"{""0"": -0.10686361804970368, ""1"": -0.20355922275830693, ""2"": -0.12489795148589754, ""3"": -0.10980416967960953, ""4"": -0.03765954428227861, ""5"": -0.21673351014099765}",0.0,-0.17490490310945747,-0.09694221201609397,-0.005892372086167441,NEGATIVE,4127,8,0,4119,0,0,4119,1509,2610,2342,285,224,2608,0.0,0.8973180076628352,0.9992337164750957,0.10919540229885058,0.08582375478927202,0.7976721458953632,0.9365571238052037,1.007876295436907,19.84401545992334,21.351917845367936,25.060244781181446,-3.0154724397544093,-0.1350177203963521,0.01992962884256911
20,shooting_star,1m,bear,pattern,4020,2479,0.40863251311012505,-0.13158384969564496,-0.0005908850906172381,-0.8113572451573888,0.7113338841043431,-0.1414563955259889,328.21873612503754,15.030254134731747,"{""session_end"": 0.035901573215006054, ""stop"": 0.291246470350948, ""target"": 0.07866075030254134, ""timeout"": 0.5941912061315047}",0.3265993265993266,"{""0"": -0.18633411184714824, ""1"": -0.054664968925888194, ""2"": -0.12570489231577378, ""3"": -0.14627062552108547, ""4"": -0.11225264299716094, ""5"": -0.16631383907571132}",0.0,-0.16790527341668907,-0.09649983263063841,0.012288701685254505,NEGATIVE,4020,15,0,4005,0,0,4005,1526,2479,1243,43,28,2364,0.0,0.5014118596208148,0.9536103267446551,0.01734570391286809,0.011294876966518758,0.596682253848275,0.8008815211302334,0.9317477797941592,21.468181558652564,24.984906487679087,33.56405246319628,-3.272921521409394,-0.13158384969564496,-0.0005908850906172381
20,dragonfly_doji,1m,bull,pattern,1283,1071,0.40522875816993464,-0.14489951058135533,-0.005519920171068712,-0.40584286252888924,0.6769100433310505,-0.16173867775417794,160.2799697477243,15.365079365079366,"{""session_end"": 0.028944911297852476, ""stop"": 0.2819794584500467, ""target"": 0.06069094304388422, ""timeout"": 0.6283846872082166}",0.33962264150943394,"{""0"": -0.05401779189027224, ""1"": -0.19744305056566783, ""2"": -0.14741066575433573, ""3"": -0.18396575751923486, ""4"": -0.09196850249106514, ""5"": -0.18092257244039053}",0.0,-0.19713891244328619,-0.08857625053446784,-0.015774162271170677,NEGATIVE,1283,10,0,1273,0,0,1273,202,1071,576,18,15,1042,0.0,0.5378151260504201,0.972922502334267,0.01680672268907563,0.014005602240896359,0.614759010358712,0.8148148148147856,0.9366206109772954,21.350473612990864,24.53430258973282,32.492350486786684,-3.78938246992427,-0.14489951058135533,-0.005519920171068712
20,gravestone_doji,1m,bear,pattern,1208,1004,0.41434262948207173,-0.13784383008848414,-0.0073278098343505255,-0.38250793258650523,0.6943820058424487,-0.1517709742615034,140.96551663317828,15.22211155378486,"{""session_end"": 0.029880478087649404, ""stop"": 0.2908366533864542, ""target"": 0.061752988047808766, ""timeout"": 0.6175298804780877}",0.417910447761194,"{""0"": -0.14311029722932997, ""1"": -0.16931737940736144, ""2"": -0.01372526957168299, ""3"": -0.10009343614425327, ""4"": -0.15558308766706952, ""5"": -0.2628173770222459}",0.0,-0.19518975591698068,-0.08005332246896861,0.006028721292415329,NEGATIVE,1208,10,0,1198,0,0,1198,194,1004,550,23,23,967,0.0,0.547808764940239,0.9631474103585658,0.022908366533864542,0.022908366533864542,0.6108651685106713,0.8186587767188407,0.9441967035777403,21.184539129748313,24.44103797017407,32.78221768323597,-3.8098399660010487,-0.13784383008848414,-0.0073278098343505255
20,morning_star,1m,bull,pattern,149,145,0.4689655172413793,0.030474235776756984,0.13953279150456294,0.023086102570830606,1.0944387586941986,0.03570205868515922,7.93076994617998,16.186206896551724,"{""session_end"": 0.027586206896551724, ""stop"": 0.1793103448275862, ""target"": 0.06896551724137931, ""timeout"": 0.7241379310344828}",0.75,{},,-0.10114238912977129,0.17425541623504315,0.15959958408694164,NOISE,149,3,0,146,0,0,146,1,145,21,2,0,106,0.0,0.14482758620689656,0.7310344827586207,0.013793103448275862,0.0,0.3808081794050293,0.6339265600360452,0.8260370599620143,24.20195041033335,31.513000266217006,52.350677562873045,1.5921450048848693,0.030474235776756984,0.13953279150456294
20,evening_star,1m,bear,pattern,133,131,0.3969465648854962,-0.13786690872453167,-0.028359747353856483,-0.060549409037627344,0.6399186736513711,-0.17793496942131495,22.554334297540212,16.65648854961832,"{""session_end"": 0.03816793893129771, ""stop"": 0.20610687022900764, ""target"": 0.030534351145038167, ""timeout"": 0.7251908396946565}",0.5,{},,-0.27126997256598995,-0.0012583067654788973,0.006005642656367799,NEGATIVE,133,0,0,133,0,0,133,2,131,23,0,0,113,0.0,0.17557251908396945,0.8625954198473282,0.0,0.0,0.44571041448542037,0.6916118421052451,0.8395378690629053,23.83173996175897,28.94376673609121,44.98406981576539,-4.622092292948651,-0.13786690872453167,-0.028359747353856483
20,three_white_soldiers,1m,bull,pattern,77,70,0.5142857142857142,0.0321278078922186,0.1132289554831531,0.006777291053532284,1.1414410745631014,0.051733008015290155,3.019949653286696,18.17142857142857,"{""session_end"": 0.014285714285714285, ""stop"": 0.1, ""target"": 0.014285714285714285, ""timeout"": 0.8714285714285714}",,{},,-0.118648231772178,0.1846640129017382,0.16125315620240327,NOISE,77,0,0,77,0,0,77,7,70,2,0,0,41,0.0,0.02857142857142857,0.5857142857142857,0.0,0.0,0.3329206245475957,0.5328741382054656,0.7237103872618202,27.61465088337162,37.467318798663456,59.841517833254684,0.9681844362188983,0.0321278078922186,0.1132289554831531
20,three_black_crows,1m,bear,pattern,92,87,0.367816091954023,-0.12120135290613138,-0.04273487829146715,-0.056666303765319594,0.6000338931745648,-0.20119066476714367,12.687477327272319,17.74712643678161,"{""session_end"": 0.022988505747126436, ""stop"": 0.08045977011494253, ""target"": 0.011494252873563218, ""timeout"": 0.8850574712643678}",0.0,{},,-0.24425622498498537,0.006383552029202864,0.02267119847476809,NOISE,92,0,0,92,0,0,92,5,87,1,0,0,50,0.0,0.011494252873563218,0.5747126436781609,0.0,0.0,0.2839002948021905,0.5258506239805664,0.7280866591896294,27.490144548194184,38.10232692585724,70.80721391291117,-6.513368248887312,-0.12120135290613138,-0.04273487829146715
