persistence,drift,replicate,single_200,single_600,walk_forward,folds_selecting,other_selections,wf_trades,wf_dates,wf_expectancy_r,wf_delta_r,wf_p_expectancy,wf_p_delta
0,0.0,1,0,0,0,0,0,0,0,,,,
0,0.0,2,0,0,0,0,0,0,0,,,,
0,0.0,3,0,0,0,0,0,0,0,,,,
0,0.0,4,0,0,0,0,0,0,0,,,,
0,0.0,5,0,0,0,0,0,0,0,,,,
0,0.0,6,0,0,0,0,0,0,0,,,,
0,0.0,7,0,0,0,0,0,0,0,,,,
0,0.0,8,0,0,0,0,0,0,0,,,,
0,0.0,9,0,0,0,0,0,0,0,,,,
0,0.0,10,0,0,0,0,0,0,0,,,,
0,0.0,11,0,0,0,0,0,0,0,,,,
0,0.0,12,0,0,0,0,0,0,0,,,,
0,0.0,13,0,0,0,0,0,0,0,,,,
0,0.0,14,0,0,0,0,0,0,0,,,,
0,0.0,15,0,0,0,0,0,0,0,,,,
0,0.0,16,0,0,0,0,0,0,0,,,,
0,0.0,17,0,0,0,0,0,0,0,,,,
0,0.0,18,0,0,0,0,0,0,0,,,,
0,0.0,19,0,0,0,0,0,0,0,,,,
0,0.0,20,0,0,0,0,0,0,0,,,,
0,0.0,21,0,0,0,0,0,0,0,,,,
0,0.0,22,0,0,0,0,0,0,0,,,,
0,0.0,23,0,0,0,0,0,0,0,,,,
0,0.0,24,0,0,0,0,0,0,0,,,,
0,0.0,25,0,0,0,0,0,0,0,,,,
0,0.0,26,0,0,0,0,0,0,0,,,,
0,0.0,27,0,0,0,0,0,0,0,,,,
0,0.0,28,0,0,0,0,0,0,0,,,,
0,0.0,29,0,0,0,0,0,0,0,,,,
0,0.0,30,0,0,0,0,0,0,0,,,,
0,0.0,31,0,0,0,0,0,0,0,,,,
0,0.0,32,0,0,0,0,0,0,0,,,,
0,0.0,33,0,0,0,0,0,0,0,,,,
0,0.0,34,0,0,0,0,0,0,0,,,,
0,0.0,35,0,0,0,0,0,0,0,,,,
0,0.0,36,0,0,0,0,0,0,0,,,,
0,0.0,37,0,0,0,0,0,0,0,,,,
0,0.0,38,0,0,0,0,0,0,0,,,,
0,0.0,39,0,0,0,0,0,0,0,,,,
0,0.0,40,0,0,0,0,0,0,0,,,,
0,0.0,41,0,0,0,0,0,0,0,,,,
0,0.0,42,0,0,0,0,0,0,0,,,,
0,0.0,43,0,0,0,0,0,0,0,,,,
0,0.0,44,0,0,0,0,0,0,0,,,,
0,0.0,45,0,0,0,0,0,0,0,,,,
0,0.0,46,0,0,0,0,0,0,0,,,,
0,0.0,47,0,0,0,0,0,0,0,,,,
0,0.0,48,0,0,0,0,0,0,0,,,,
0,0.0,49,0,0,0,0,0,0,0,,,,
0,0.0,51,0,0,0,0,0,0,0,,,,
0,0.0,52,0,0,0,0,0,0,0,,,,
0,0.0,53,0,0,0,0,0,0,0,,,,
0,0.0,54,0,0,0,0,0,0,0,,,,
0,0.0,55,0,0,0,0,0,0,0,,,,
0,0.0,56,0,0,0,0,0,0,0,,,,
0,0.0,57,0,0,0,0,0,0,0,,,,
0,0.0,58,0,0,0,0,0,0,0,,,,
0,0.0,59,0,0,0,0,0,0,0,,,,
0,0.0,60,0,0,0,0,0,0,0,,,,
0,0.0,61,0,0,0,0,0,0,0,,,,
0,0.0,62,0,0,0,0,0,0,0,,,,
0,0.0,63,0,0,0,0,0,0,0,,,,
0,0.0,64,0,0,0,0,0,0,0,,,,
0,0.0,65,0,0,0,0,0,0,0,,,,
0,0.0,66,0,0,0,0,0,0,0,,,,
0,0.0,67,0,0,0,0,0,0,0,,,,
0,0.0,68,0,0,0,0,0,0,0,,,,
0,0.0,69,0,0,0,0,0,0,0,,,,
0,0.0,70,0,0,0,0,0,0,0,,,,
0,0.0,71,0,0,0,0,0,0,0,,,,
0,0.0,72,0,0,0,0,0,0,0,,,,
0,0.0,73,0,0,0,0,0,0,0,,,,
0,0.0,74,0,0,0,0,0,0,0,,,,
0,0.0,75,0,0,0,0,0,0,0,,,,
0,0.0,77,0,0,0,0,0,0,0,,,,
0,0.0,78,0,0,0,0,0,0,0,,,,
0,0.0,79,0,0,0,0,0,0,0,,,,
0,0.0,80,0,0,0,0,0,0,0,,,,
0,0.0,81,0,0,0,0,0,0,0,,,,
0,0.0,82,0,0,0,0,0,0,0,,,,
0,0.0,83,0,0,0,0,0,0,0,,,,
0,0.0,84,0,0,0,0,0,0,0,,,,
0,0.0,85,0,0,0,0,0,0,0,,,,
0,0.0,86,0,0,0,0,0,0,0,,,,
0,0.0,87,0,0,0,0,0,0,0,,,,
0,0.0,88,0,0,0,0,0,0,0,,,,
1,0.6,1,0,0,1,1,0,456,36,0.1589453026762431,0.2390845019333252,0.0021498925053747,9.99950002499875e-05
1,0.6,2,0,0,0,0,0,0,0,,,,
1,0.6,3,0,0,0,0,0,0,0,,,,
1,0.6,4,0,0,0,0,0,0,0,,,,
1,0.6,5,0,0,0,0,0,0,0,,,,
1,0.6,6,0,0,0,0,0,0,0,,,,
1,0.6,7,0,0,0,0,0,0,0,,,,
1,0.6,8,0,0,0,1,0,423,37,0.0407671806913948,0.1202665852129094,0.2094395280235988,0.0198990050497475
1,0.6,9,0,0,1,1,0,590,34,0.1341394891640591,0.2403142695008144,0.0037998100094995,9.99950002499875e-05
1,0.6,10,0,0,0,1,0,356,28,0.0473008802518683,0.1996538453982767,0.2370881455927203,0.0003999800009999
1,0.6,11,0,0,1,1,0,453,35,0.1219407458693911,0.2165965512737866,0.0191990400479976,9.99950002499875e-05
1,0.6,12,0,0,0,0,0,0,0,,,,
1,0.6,13,0,0,0,0,0,0,0,,,,
1,0.6,14,0,0,0,0,0,0,0,,,,
1,0.6,15,0,1,1,1,0,352,31,0.1937850173111925,0.1979929854968937,0.0028998550072496,9.99950002499875e-05
1,0.6,16,0,0,0,0,0,0,0,,,,
1,0.6,17,0,0,0,1,0,368,32,0.0206027671558283,0.1523578484699388,0.3090345482725863,9.99950002499875e-05
1,0.6,18,0,0,0,0,0,0,0,,,,
1,0.6,19,0,0,0,1,0,476,39,0.034735750517575,0.1361866542234132,0.2437878106094695,0.0007999600019999
1,0.6,20,0,0,0,0,0,0,0,,,,
1,0.6,21,0,0,0,0,0,0,0,,,,
1,0.6,22,0,0,0,0,0,0,0,,,,
1,0.6,23,0,0,0,2,0,836,69,0.0659414260470009,0.1875149063404058,0.0578971051447427,9.99950002499875e-05
1,0.6,24,0,0,0,0,0,0,0,,,,
5,0.15,1,0,0,1,1,0,455,36,0.200574360173583,0.1523635131839293,0.0002999850007499,0.0007499625018749
5,0.15,2,0,0,1,2,0,1055,80,0.1467889617007238,0.1290411750778112,9.99950002499875e-05,9.99950002499875e-05
5,0.15,3,0,0,1,1,0,582,43,0.1739201030656176,0.179522894240064,0.0001999900004999,0.0001999900004999
5,0.15,4,0,0,0,2,0,848,69,0.0702264623709414,0.0789310502026404,0.0501974901254937,0.0161991900404979
5,0.15,5,0,1,0,0,0,0,0,,,,
5,0.15,6,0,0,0,0,0,0,0,,,,
5,0.15,7,0,1,1,1,0,349,31,0.1614372716684492,0.1032460525800203,0.0043997800109994,0.0043997800109994
5,0.15,8,0,0,1,3,2,1570,111,0.097616066556942,0.095413753725922,0.0002499875006249,9.99950002499875e-05
5,0.15,9,0,0,1,2,0,944,66,0.1453312677607166,0.1100925546142614,0.0003499825008749,0.0002999850007499
5,0.15,10,0,0,1,2,2,1019,60,0.1745105971557715,0.1440749398575482,9.99950002499875e-05,9.99950002499875e-05
5,0.15,11,0,0,1,1,0,437,35,0.1746390568488476,0.1812731260366482,0.0027998600069996,9.99950002499875e-05
5,0.15,12,0,0,0,0,0,0,0,,,,
5,0.15,13,0,0,1,1,0,375,30,0.1281455098230753,0.1607679510314419,0.0219489025548722,0.0010999450027498
5,0.15,14,0,0,0,1,0,373,30,0.0059495053832474,0.1170034681391116,0.4612269386530673,0.0447977601119944
5,0.15,15,0,1,1,1,0,349,31,0.2420061480245661,0.1632445948090584,0.0001999900004999,9.99950002499875e-05
5,0.15,16,0,0,1,2,0,978,72,0.1780026892668156,0.1662230644597551,9.99950002499875e-05,9.99950002499875e-05
5,0.15,17,0,1,1,3,0,1458,111,0.1291960114198719,0.1011129784534203,9.99950002499875e-05,0.0003499825008749
5,0.15,18,0,0,1,2,0,1053,78,0.1215145737440302,0.1483967430532043,0.0003999800009999,9.99950002499875e-05
5,0.15,19,0,0,1,2,0,1123,78,0.1174547630030903,0.0665403404974944,0.0001999900004999,0.0208989550522473
5,0.15,20,0,0,0,0,0,0,0,,,,
5,0.15,21,0,0,1,3,0,1377,103,0.169552065743545,0.1193790044257545,9.99950002499875e-05,9.99950002499875e-05
5,0.15,22,0,0,0,0,0,0,0,,,,
5,0.15,23,0,0,1,3,0,1415,112,0.1513487343328707,0.1062757216416761,9.99950002499875e-05,9.99950002499875e-05
5,0.15,24,0,1,0,0,0,0,0,,,,
5,0.22,1,0,1,1,3,4,1814,108,0.3083001994517274,0.2124369813088064,9.99950002499875e-05,9.99950002499875e-05
5,0.22,2,0,1,1,3,6,2240,114,0.2367072809748563,0.1870231656055376,9.99950002499875e-05,9.99950002499875e-05
5,0.22,3,1,1,1,3,2,1659,108,0.2821394919360949,0.2080452702274436,9.99950002499875e-05,9.99950002499875e-05
5,0.22,4,0,1,1,3,4,1908,108,0.2270619676801466,0.1703760020440226,9.99950002499875e-05,9.99950002499875e-05
5,0.22,5,0,1,1,3,2,1858,105,0.2280065768104466,0.2158836097383012,9.99950002499875e-05,9.99950002499875e-05
5,0.22,6,0,1,1,3,4,1787,110,0.2301634354664758,0.1621903617571412,9.99950002499875e-05,9.99950002499875e-05
5,0.22,7,0,1,1,3,4,1791,110,0.2934499337855635,0.1978896263343292,9.99950002499875e-05,9.99950002499875e-05
5,0.22,8,0,1,1,3,6,2171,111,0.2116291935936879,0.1439866579052418,9.99950002499875e-05,9.99950002499875e-05
5,0.22,9,0,1,1,3,4,1941,99,0.2842399041302222,0.1541666973487219,9.99950002499875e-05,9.99950002499875e-05
5,0.22,10,0,1,1,3,4,1799,103,0.2823151403229367,0.2067947109815844,9.99950002499875e-05,9.99950002499875e-05
5,0.22,11,0,1,1,3,6,2205,111,0.2448444548827004,0.1901063963208867,9.99950002499875e-05,9.99950002499875e-05
5,0.22,12,0,1,1,3,2,1614,109,0.1690343197700971,0.1179339377146006,9.99950002499875e-05,9.99950002499875e-05
5,0.22,13,0,1,1,3,4,1956,108,0.2638324530724627,0.1950586173912434,9.99950002499875e-05,9.99950002499875e-05
5,0.22,14,0,1,1,3,4,1922,107,0.2346843065195993,0.2015499186563242,9.99950002499875e-05,9.99950002499875e-05
5,0.22,15,0,1,1,3,4,1886,112,0.2871289678594899,0.1754203218885492,9.99950002499875e-05,9.99950002499875e-05
5,0.22,16,0,1,1,3,6,2321,108,0.230916014994799,0.2217206765501121,9.99950002499875e-05,9.99950002499875e-05
5,0.22,17,0,1,1,3,6,2230,111,0.2324663832179934,0.1309549903604107,9.99950002499875e-05,9.99950002499875e-05
5,0.22,18,0,1,1,3,4,2034,105,0.2423337373277982,0.1822758590077457,9.99950002499875e-05,9.99950002499875e-05
5,0.22,19,0,1,1,3,6,2280,107,0.2273364700337252,0.1606874107235738,9.99950002499875e-05,9.99950002499875e-05
5,0.22,20,1,1,1,3,6,2103,102,0.2316968768356447,0.1837863476896896,9.99950002499875e-05,9.99950002499875e-05
5,0.22,21,0,1,1,3,6,2216,103,0.2743359140886406,0.1943265544884315,9.99950002499875e-05,9.99950002499875e-05
5,0.22,22,0,1,1,3,4,1748,104,0.240375519401164,0.1720742309653347,9.99950002499875e-05,9.99950002499875e-05
5,0.22,23,0,1,1,3,6,2287,112,0.2293875865002353,0.185228440369834,9.99950002499875e-05,9.99950002499875e-05
5,0.22,24,0,1,1,3,6,2259,112,0.2612069175551407,0.2127815394976322,9.99950002499875e-05,9.99950002499875e-05
